Date,Unhedged_Portfolio_Value,Hedged_Portfolio_Value,Daily_Hedge_Ratio
2020-08-07,100000.0,100000.0,294.51214366512585
2020-08-10,100613.15061993514,100272.82668317138,295.43497230591095
2020-08-11,100361.1303102784,100781.03831226093,297.14770163402954
2020-08-12,101124.06652962722,100258.02444486458,295.28964552252734
2020-08-13,100898.6815860835,100200.83796274786,295.1650364825254
2020-08-14,100975.579737375,100274.47591107701,295.38122499418046
2020-08-17,100942.1276128622,99949.01786155588,294.348365029528
2020-08-18,100909.4185199992,99718.53398969834,293.6186960349615
2020-08-19,100575.2555585871,99769.23859499519,293.8699257273728
2020-08-20,100282.16242537965,99326.09737971616,156.18929307059489
2020-08-21,100192.59285901445,99070.14526314096,150.4540319138696
2020-08-24,101338.00212267772,99585.88874469658,195.0103571219207
2020-08-25,101578.57198182787,99557.24752589605,241.11291340129426
2020-08-26,101629.8723293185,98970.17415303201,200.52772513911773
2020-08-27,102089.04174027662,99284.12533507713,193.74128584230755
2020-08-28,102695.60484746296,99423.44407371356,221.03244918040483
2020-08-31,102193.28268014712,99204.53543284653,233.2780055899376
2020-09-01,102795.82898135952,99098.10223235209,231.67674648562527
2020-09-02,104380.91913602446,99218.711446243,307.7389498632645
2020-09-03,101609.0603122028,99268.73283504907,248.42696502870803
2020-09-04,101305.48075273416,99597.81769287659,245.18124803288222
2020-09-08,98935.22751898436,99396.6793613455,249.49136727588655
2020-09-09,100471.99109786248,99400.64693830941,249.14918235464927
2020-09-10,98904.2253613651,99278.57927421747,263.39073123510246
2020-09-11,99035.20012236176,99368.3888906492,262.3056461095234
2020-09-14,100367.32749467812,99612.08271051901,265.9457921520844
2020-09-15,100514.4818367736,99342.41832562463,262.1243282792178
2020-09-16,100850.64681737566,100004.420226237,267.37627840371886
2020-09-17,100217.79284414584,100099.4524152943,263.28535118349083
2020-09-18,99360.7336927956,100203.52345746792,267.8005561782738
2020-09-21,97704.35128761106,99505.18655229761,278.6263470380017
2020-09-22,98442.9672855236,99378.59904511481,276.47292172582024
2020-09-23,96288.9179935348,99325.93722761683,293.91503442702776
2020-09-24,96205.81751785667,99000.02718222275,288.5934990856039
2020-09-25,97624.43013690312,99003.44428480287,289.0706602762677
2020-09-28,99394.85137343557,99267.35371191162,296.3092311642732
2020-09-29,99002.63617795263,99384.99305974464,300.2057181284441
2020-09-30,99793.32069638604,99456.1632191646,305.66085779634307
2020-10-01,100298.06028902896,99338.9818515684,309.2140264238738
2020-10-02,100034.87615123008,99972.63249108264,303.93443277366043
2020-10-05,101669.47589595578,100029.32000910945,284.7199992079688
2020-10-06,100629.28924533752,100261.94578238645,283.87520415855744
2020-10-07,102231.010654523,100415.88096574305,265.14553001096243
2020-10-08,103324.019388301,100761.71795139556,262.914631590477
2020-10-09,103827.9288240689,100524.26258799298,259.3706758535201
2020-10-12,104812.50712212882,100291.90422106453,233.22847358944227
2020-10-13,103918.36316507206,99941.6183252979,245.10121084561368
2020-10-14,103448.87024510551,99974.96584051613,245.56947429973678
2020-10-15,103797.66885255932,100406.09740585917,243.22292881948812
2020-10-16,103903.56426135094,100557.09303048457,256.20397893757126
2020-10-19,102359.21997777936,100319.97065744866,263.3262436548542
2020-10-20,102766.24398538627,100378.93437259484,270.8360587732768
2020-10-21,102263.92499766554,100045.9794279386,264.92373454868425
2020-10-22,103115.74444494228,100432.01595763616,260.9002804802521
2020-10-23,103496.9553808988,100512.8400336917,272.7467920403212
2020-10-26,101421.93420818924,100546.35264979603,352.57895044776143
2020-10-27,100305.41089484286,99817.72682940926,346.1914225087584
2020-10-28,97329.93134038096,100087.01489712433,301.7759481929579
2020-10-29,98329.60621588468,100155.63573524471,300.6231175836409
2020-10-30,97885.04407686554,100664.1761594944,295.24985712250606
2020-11-02,99648.5867860845,101370.022598648,316.94945271296746
2020-11-03,101582.7689665707,101555.56566373915,321.9736229587554
2020-11-04,102808.00395280388,100734.14563401284,288.61256751236175
2020-11-05,104625.74222636689,100753.8825911977,286.4843231594251
2020-11-06,104931.33775682191,101068.76422000512,286.7068941476867
2020-11-09,108295.31693257768,103135.39214624188,301.90633557256746
2020-11-10,108515.96336335958,103480.1353016563,291.7839988960993
2020-11-11,108599.7832822513,102971.20274211442,249.4996010760063
2020-11-12,107292.2676884782,102618.04132359737,288.39029916534025
2020-11-13,109171.02396638386,103077.92784574357,306.9003170132954
2020-11-16,110881.88640267133,103488.01064528545,306.44623299510266
2020-11-17,110459.74665306717,103615.21055126683,306.807719607612
2020-11-18,109226.56428238768,103888.01729800731,375.9629228663114
2020-11-19,109741.01839916412,103815.73542208437,421.2824753578776
2020-11-20,109152.65438283164,104164.30717027605,418.3978637675326
2020-11-23,110359.03748023864,104648.1780080132,352.9792531062568
2020-11-24,112251.17391953104,104647.75776570436,351.8300792455928
2020-11-25,111956.6881203338,104553.42590665749,368.84654650607195
2020-11-27,112087.52014098376,104361.15941769349,356.01990888074425
2020-11-30,111240.33114398774,104074.84716118942,357.4115592132769
2020-12-01,112049.74805519952,103710.83649468735,322.5636227397421
2020-12-02,112375.12927425493,103793.59812962732,328.04601803835607
2020-12-03,112894.83594919958,104301.7739800016,327.6146243980689
2020-12-04,114410.13625784389,104762.22716237699,345.884320099103
2020-12-07,113793.14961210587,104441.93869612298,374.86056516481466
2020-12-08,114183.78001453022,104462.01301885911,365.4099818812933
2020-12-09,113469.35421013966,104732.86239895581,326.4548482050809
2020-12-10,113616.15919428437,104901.55961951282,321.1081362233373
2020-12-11,113084.97307597053,104534.87791710942,332.28872406176583
2020-12-14,112408.7156318878,104368.03789855866,322.8748559730639
2020-12-15,113904.00051089795,104243.63665954006,353.43985054735316
2020-12-16,113967.96118942968,104127.25093943691,352.05425830434075
2020-12-17,114800.89694936656,104248.01259886438,362.75206350913686
2020-12-18,114661.31607919474,104523.58029469567,319.7203258296653
2020-12-21,114095.52292653524,104366.93374727452,317.4766990941065
2020-12-22,113664.29580101998,104142.3429847381,318.3875833466147
2020-12-23,113950.32149672337,104305.44344971579,349.2688480156732
2020-12-24,114242.47820646902,104145.34655185061,347.42599978469985
2020-12-28,114527.52236532736,103600.20960579319,294.91451805440903
2020-12-29,113960.85119210184,103266.63961601295,296.0038012297917
2020-12-30,114566.86910579092,103702.13715083181,253.02035799502787
2020-12-31,115446.26911472864,104044.53624379047,283.1481670368745
2021-01-04,113192.68549738788,103606.34957182397,367.6313694864812
2021-01-05,114341.58933336128,103779.07270366413,403.9693540653369
2021-01-06,116170.18801883503,104599.01216559434,448.32068585542453
2021-01-07,117769.33433223772,104171.21907483695,397.6662782516692
2021-01-08,118232.04177776715,103867.93561655408,396.5572427871014
2021-01-11,117809.44677743946,104282.79710408374,372.03851835673925
2021-01-12,118407.76488815586,104785.99915951068,398.8324373847068
2021-01-13,118259.05622007618,104326.01880018025,385.96667822667655
2021-01-14,118411.7255871472,104872.43375831647,375.56686119932726
2021-01-15,117565.7082460025,104984.71836947958,375.48614015240986
2021-01-19,118308.28250314762,104920.78062663529,293.53072012320985
2021-01-20,119183.80928904912,104627.09424459763,243.7243947793674
2021-01-21,118735.2909487972,104166.38723477199,231.10570910274316
2021-01-22,118229.81339487572,103950.65456166747,203.14856595221363
2021-01-25,117840.14561364996,103375.88103715827,184.92058266723896
2021-01-26,117235.1464006748,102945.32131564549,202.00352818478964
2021-01-27,114251.78043804751,102423.52694242292,271.01982137972846
2021-01-28,116102.53770442391,103253.97015671652,308.09237016682926
2021-01-29,114126.79048129242,103369.18545637923,297.53156074680123
2021-02-01,115660.0089059961,103190.49305339978,298.2815528406979
2021-02-02,117361.9508270004,103345.63996856083,306.1170958514237
2021-02-03,117650.7605679334,103520.87674268578,319.39533296770463
2021-02-04,119163.4172971468,103686.8417328079,325.4297088936505
2021-02-05,119598.39957472404,103662.06762625214,324.69634467770663
2021-02-08,120667.84414796876,103837.59858959996,330.35010194519015
2021-02-09,120631.45927803995,103875.14151870686,327.8930802850604
2021-02-10,120813.76008214628,104073.98512186187,305.09176360125997
2021-02-11,121067.30395602812,104142.3581115335,294.5916351397615
2021-02-12,121587.35858649624,104140.02811942078,288.31386939932463
2021-02-16,121555.59497952944,104203.15293916858,330.49248431704467
2021-02-17,121589.75739199872,104207.74205908361,340.69461225682113
2021-02-18,120955.64895638808,104148.16144336713,359.76664636299034
2021-02-19,121631.90605648582,104893.49333173037,294.43572190892127
2021-02-22,121361.93254017322,105267.50588413178,251.21612536372248
2021-02-23,121269.69683959243,105118.00548124421,181.24496565808167
2021-02-24,122680.58471527963,105462.85331370884,252.8578492227877
2021-02-25,119914.21023560084,105421.73053014916,307.23053486259903
2021-02-26,119506.35821595372,105563.75890913901,308.4088773714543
2021-03-01,121965.71484467418,105497.60673634168,291.7267007504596
2021-03-02,121200.94964525124,105558.0251458192,292.885165088866
2021-03-03,119946.5488742915,105691.62050920367,293.7354475849902
2021-03-04,118118.31436366391,105264.81290678997,302.3871967852066
2021-03-05,120146.79249326128,105325.67840241236,300.9242914731125
2021-03-08,119784.5593659654,105487.31440142091,305.4410270305039
2021-03-09,120999.508300895,105206.44870190835,298.5592521433746
2021-03-10,121990.7557617643,105482.01050760203,298.62307806739426
2021-03-11,123427.41045333308,105769.76393406521,298.14599236908344
2021-03-12,124010.13778849615,106141.96444741871,299.2598790364399
2021-03-15,125200.82082185592,106566.4214063516,316.03824654245005
2021-03-16,124259.77538445436,105895.42813316353,323.2384207589554
2021-03-17,124753.73020355296,105948.22177687474,341.05320932290164
2021-03-18,122940.602855136,105888.41234365682,321.1581720648934
2021-03-19,122670.4722664777,105849.04054069,329.91582094948296
2021-03-22,123212.23566846349,105489.48500759683,326.0297427540686
2021-03-23,121904.07831490348,105295.03112119048,370.386950755041
2021-03-24,121832.8060386727,105792.90385211489,348.8528897149665
2021-03-25,122665.7091065234,105902.589320956,344.52976565839526
2021-03-26,125063.60850310794,106110.18186033,365.95842805429965
2021-03-29,124916.40574249064,106042.39420059192,356.92770715588995
2021-03-30,124615.69127172673,106082.67678820515,352.13190199161414
2021-03-31,124884.38333057574,105865.78913165623,346.6987702804046
2021-04-01,126317.0669958038,105870.34627679191,354.2858505534813
2021-04-05,127410.83963704112,105344.58855096807,315.9974862660895
2021-04-06,127419.4847850577,105411.8063335959,321.6211255770262
2021-04-07,127275.87526557132,105183.00562409504,299.6818468617783
2021-04-08,127496.5244459327,104864.32313862964,332.493265716825
2021-04-09,128249.93770606972,104721.8018796932,330.8084328262638
2021-04-12,128282.0698453847,104717.91231765006,261.0921325766169
2021-04-13,128636.34628622238,104765.19490988398,257.8539627915674
2021-04-14,128769.88234539203,105111.10955591536,220.2437406740007
2021-04-15,129842.638592999,105226.33974227947,223.2333453879166
2021-04-16,130306.3693210403,105397.82560221868,192.61163434806298
2021-04-19,129552.53790871412,105168.94782638413,243.63829122256703
2021-04-20,128374.8893205412,104873.72861496746,283.76148810785224
2021-04-21,129608.41258067117,104992.95949666081,296.107859717777
2021-04-22,129044.3532455316,105324.33101381478,273.19446508308033
2021-04-23,130495.52224473371,105521.76498592932,287.3363022673559
2021-04-26,130817.52426479584,105592.07457377722,286.93678944106546
2021-04-27,130927.06362608848,105700.14274964787,287.57760686458965
2021-04-28,130796.25434785048,105621.94241331244,300.0881468820966
2021-04-29,131534.31519328128,105588.34222961825,310.95446946369094
2021-04-30,130541.86281338568,105457.75672475305,318.8765608992014
2021-05-03,130948.38371794182,105570.87007039845,314.73372836924216
2021-05-04,130213.65538334416,105564.11295802888,299.0769751580657
2021-05-05,130406.5992031502,105691.23971096588,295.5313363942937
2021-05-06,130490.19211296018,105045.55962845554,279.4376084482064
2021-05-07,131931.96435641794,105531.90121980927,292.65652972488203
2021-05-10,131245.0288695864,105791.08952686557,257.9901617870952
2021-05-11,130117.48616598477,105648.0758846456,270.5209002891392
2021-05-12,127188.02386394764,105373.0118510863,312.1495367579919
2021-05-13,128374.77513786344,105203.3733217947,302.5490516973563
2021-05-14,130343.96197038892,105322.21653519786,307.4067653962829
2021-05-17,129926.36923958288,105232.47647917747,306.8171259231614
2021-05-18,128997.2045399216,105313.10982677594,305.5266953842728
2021-05-19,128561.26271895716,105210.79876892435,305.12471720169276
2021-05-20,129953.93919605094,105247.0068582242,323.9166254619433
2021-05-21,130046.73989115156,105403.97397668326,315.93719303614574
2021-05-24,131076.6714966171,105199.12933716635,321.20693545920176
2021-05-25,130709.36391989904,105131.2794765513,322.5802487100085
2021-05-26,131034.997245322,105202.87150841,302.79425594647677
2021-05-27,131639.6491905891,105637.02457038293,309.65530401341925
2021-05-28,131811.4311848428,105604.88955232756,299.6888269161788
2021-06-01,132061.49274832115,105886.18185227137,290.68634580447906
2021-06-02,132314.1287332434,105947.47367172626,283.5269537235006
2021-06-03,131932.46182983325,105964.67992469117,274.602320593097
2021-06-04,132636.8300282856,105902.87015768418,215.76751147041364
2021-06-07,132435.9963503296,105812.18960786301,225.826950455748
2021-06-08,132399.11484947288,105768.00713532505,216.9858629870489
2021-06-09,131905.46712751483,105479.33338427014,222.42991015275612
2021-06-10,132541.644863399,105642.68396903375,233.99849004468408
2021-06-11,132881.62142189514,105786.11894172743,242.88723310565305
2021-06-14,132740.04038833771,105505.87451280875,234.42429238814807
2021-06-15,132800.81222676282,105690.61129691383,234.186548668745
2021-06-16,132026.09464642164,105521.78048504014,251.9550014582616
2021-06-17,131428.0726415415,105071.87503665904,265.0903880873006
2021-06-18,129520.37178023432,104952.52682660898,327.60706833962075
2021-06-21,131570.77843286542,105003.82644551015,354.52806237369583
2021-06-22,131909.40615320997,104686.4610118073,345.34528283997224
2021-06-23,131703.55509165497,104654.21286678014,342.67754398691255
2021-06-24,132468.27855605827,104619.61070003625,342.080128277869
2021-06-25,133146.95096104755,104766.66646246328,345.68682494145116
2021-06-28,132927.19320735196,104372.59516342184,344.5552072903601
2021-06-29,132882.2794823615,104277.46228984525,350.4968849681438
2021-06-30,133017.19026364264,104288.22266335036,356.3724683122662
2021-07-01,133705.72853998144,104211.5943551259,350.94434224233737
2021-07-02,134233.7941311925,103771.20504674697,350.3004775485137
2021-07-06,133465.96112368637,103365.37658359329,324.05378757554814
2021-07-07,133868.9400209652,103296.31780405543,340.21642602242696
2021-07-08,132467.24587068747,103138.29694700094,356.9579301443419
2021-07-09,134279.9970654755,103223.85192595565,392.91572726310255
2021-07-12,134558.352741168,102997.78778849872,387.70615616888904
2021-07-13,133479.18549409485,102604.40389538086,399.5876545252336
2021-07-14,132982.22404778065,102031.9555244826,401.22031613826397
2021-07-15,132801.1928035813,102297.91499825449,375.5222330988638
2021-07-16,131974.363885541,102495.97252871175,336.93114272544415
2021-07-19,129690.1124929873,102391.10523467792,356.1121712072415
2021-07-20,132090.8789658415,102558.06504431211,381.98144142140114
2021-07-21,133651.87904697354,102765.33420295268,393.8206567624602
2021-07-22,133674.2607182117,102524.09430026863,390.14237428770485
2021-07-23,134795.75256499613,102186.57939133942,368.15651675491307
2021-07-26,135270.06129487843,102259.28375922097,371.1815460069137
2021-07-27,135071.84233532567,102616.81921556061,354.4720878058375
2021-07-28,135282.455760371,102822.83743446002,356.67043765348103
2021-07-29,136329.83435013838,103145.13405590609,363.73510878554015
2021-07-30,135956.97738785876,103421.84126295823,366.01023041989833
2021-08-02,135927.80955700207,103618.03316948812,330.821151581081
2021-08-03,137148.24395368868,103808.87865134428,288.59793439263285
2021-08-04,136368.18994651944,103661.28704573865,285.09229609896613
2021-08-05,137107.8391665818,103663.53663677703,280.17204417522294
2021-08-06,137578.5037110665,103858.64654026904,308.7554505366166
2021-08-09,137463.33338457422,103851.98001451668,312.59050888281604
2021-08-10,137600.78460535812,103827.54917915618,326.59798237598943
2021-08-11,138361.74946933493,104139.3688755893,335.5421760792963
2021-08-12,138382.20563942732,103866.08632473854,304.27809730382194
2021-08-13,138544.17495573364,103801.7205735936,323.4393266284774
2021-08-16,138656.84155654456,103631.94478706415,341.40142920176936
2021-08-17,137823.27061763246,103649.1452165015,309.5363480439927
2021-08-18,136282.18069743807,103576.67105071817,314.50104258500517
2021-08-19,136071.60910109893,103264.83280053722,309.8855703508474
2021-08-20,136889.50434417257,103147.40253223143,293.50411197155495
2021-08-23,138029.54533133004,103164.06228897934,303.19269037342974
2021-08-24,138722.5321202325,103529.14700517428,305.8721990855688
2021-08-25,139292.19596646103,103753.1274769049,304.0547618502392
2021-08-26,138349.05396096417,103637.92447345653,314.58592266221603
2021-08-27,139780.5565429639,103785.59381018358,327.83517726512673
2021-08-30,139733.57642429875,103309.1913127986,316.3101398348859
2021-08-31,139757.6215187886,103474.79395822556,316.3333781562781
2021-09-01,139460.64297964514,103201.73043786791,315.9593184210543
2021-09-02,140171.27963118168,103426.08618223404,310.82160016827146
2021-09-03,140076.33436073145,103381.39563750084,330.5867418085101
2021-09-07,138905.2088320934,102954.74917887135,385.5327786156851
2021-09-08,139002.45020485952,103168.88881951562,369.49125718971396
2021-09-09,138640.87698832795,103359.51300247108,339.6323053614447
2021-09-10,137562.4359159745,103371.61339025627,327.2700407559171
2021-09-13,137993.32467008353,103460.08678030873,290.8565911619069
2021-09-14,137056.52472554945,103396.08689516992,373.3498951781112
2021-09-15,138668.53664294482,103538.63999024442,407.2787480237798
2021-09-16,138533.81554098663,103645.52617125881,414.4537612852765
2021-09-17,137429.63020865264,103969.54002209828,374.1202393918915
2021-09-20,135170.08750331184,104152.11862037958,358.51129075792466
2021-09-21,135053.4652451406,104169.36432115763,357.69569999759153
2021-09-22,136492.17625108195,104199.95666161788,349.20213852587716
2021-09-23,138197.93375839823,104181.2937559475,343.1683904132091
2021-09-24,138415.8259199488,104167.35851244707,341.59897060206976
2021-09-27,138308.5718054309,104394.86809524754,340.91358166416836
2021-09-28,135952.05033239457,104671.49958313353,323.03405186075383
2021-09-29,136207.5852112282,104701.70489948399,312.61640959392344
2021-09-30,134401.72738935184,104549.69688593605,319.1205400966058
2021-10-01,136002.85538999128,104591.0229501499,320.18365385404564
2021-10-04,134387.3099238608,104639.21220329122,316.434357559996
2021-10-05,135902.88656784655,104771.4272138374,318.56634011708024
2021-10-06,136255.93940273396,104630.46339066516,313.5574566792089
2021-10-07,137278.30784073976,104572.36305336763,307.6959457279422
2021-10-08,137007.529295525,104544.04986909857,307.9627310394623
2021-10-11,136380.49481072224,104765.70870766012,306.13845454682956
2021-10-12,136325.96403152822,104970.56037634076,317.30283232070605
2021-10-13,136971.13921047398,105104.24973724691,319.2110639045408
2021-10-14,139492.60237288036,105348.42094358432,317.99081324779166
2021-10-15,140214.8777640543,105140.28645688378,311.58614050588346
2021-10-18,140250.0732772531,104875.45537000216,309.4968745391539
2021-10-19,141550.03206108062,105093.4201281519,308.82964837739115
2021-10-20,142463.88140139423,105386.98953158048,309.75168081894105
2021-10-21,142788.33282006314,105365.21990936132,316.2145661670087
2021-10-22,143344.20221029365,105872.64980204216,297.19938996570306
2021-10-25,143527.84980773195,105499.33266139723,297.90861749520036
2021-10-26,143609.65626036882,105469.4119758084,315.12865404008187
2021-10-27,141670.03634485754,104620.01650160197,405.1869760588558
2021-10-28,142832.8896684559,104266.28921777474,394.8358378521778
2021-10-29,142765.7909058174,103947.88003355391,417.58494701762606
2021-11-01,143173.63378627127,104020.40397012176,412.05107460923665
2021-11-02,144055.76169456425,104138.66614308993,408.83127482373084
2021-11-03,144636.92570546913,103820.24299005179,381.3593522605983
2021-11-04,144614.06323182493,103259.77595017721,363.3122868947189
2021-11-05,145858.32590203587,103659.34755831164,448.07802625440564
2021-11-08,146284.45885585973,103842.50335239136,445.0743937839626
2021-11-09,146432.73598861703,104322.23616562429,360.5606220809228
2021-11-10,145232.073069923,104132.22870190539,261.9767371600875
2021-11-11,145372.25569482666,104205.54483075242,266.8816996143279
2021-11-12,146387.40286805312,104293.19780389934,268.9478586725595
2021-11-15,146371.49233552514,104252.45333916933,271.92663988780146
2021-11-16,146507.10933945322,104035.49074674587,250.25760144897532
2021-11-17,145875.98689501898,103800.26984509292,276.9543882580455
2021-11-18,145541.8769876898,103259.65439903383,280.7957982325408
2021-11-19,144397.53507129243,102599.3125000097,266.6182286501513
2021-11-22,143753.09054717454,102376.86018942091,264.3777462168313
2021-11-23,144252.09047090888,102603.24307146107,308.84594442113473
2021-11-24,144369.0043983631,102396.54485868299,343.2489508324949
2021-11-26,140784.5573347272,102202.05066736601,332.6388237152805
2021-11-29,142062.8961289009,101893.0830539766,318.2467160412828
2021-11-30,138515.84932613824,101404.61999721713,332.54319647065967
2021-12-01,136621.36375677728,101183.3066151895,331.05092615420847
2021-12-02,139706.92405143782,101675.64529194018,372.7271899319356
2021-12-03,138569.37027422257,101879.73347007102,376.03077947436515
2021-12-06,140409.8017537574,101821.74893226594,377.54285894518256
2021-12-07,143031.6170446521,101374.53982990507,359.2623550828066
2021-12-08,143356.2778065262,101305.65455107533,358.72406849486765
2021-12-09,142114.1602307358,101191.48240094064,358.8667518064481
2021-12-10,142818.5329999307,100635.5192710971,355.28198331257863
2021-12-13,141686.8144217586,100831.47223161177,356.95652639058454
2021-12-14,140883.96697307884,100989.47663980212,337.2016905448153
2021-12-15,142750.5135125972,100753.67450136326,319.1265548302511
2021-12-16,142384.8312663205,101259.6293562188,276.89404007505965
2021-12-17,141437.6057293995,101479.89443843384,268.15505479230933
2021-12-20,139869.66413819708,101244.57067938699,266.4156823921263
2021-12-21,142612.1865802697,101656.14345602362,283.3276685598773
2021-12-22,143805.03401034258,101622.23689438436,281.1503919227824
2021-12-23,144879.0831116588,101840.11288505545,276.9374884262546
2021-12-27,146666.04372645885,101837.95413800006,282.013971106317
2021-12-28,146367.23100113758,101702.64801917224,279.7884909575874
2021-12-29,146509.41937700636,101689.23479401799,278.1654993622381
2021-12-30,146164.89329782972,101699.07930020323,285.7540622780788
2021-12-31,145996.63108266416,101822.99349495218,303.8025073585886
2022-01-03,146018.2036548726,101256.832200607,316.7427031500838
2022-01-04,146624.49815524372,101708.74888483314,299.55810654855986
2022-01-05,143940.96230012598,101571.42721280303,285.18034365876457
2022-01-06,144182.63989266468,101826.36673302305,286.47443799401833
2022-01-07,143997.9600766851,102040.09206976806,277.62069810618686
2022-01-10,143607.43148728934,101870.99605221009,274.90095979016826
2022-01-11,145365.53036466276,102240.676026019,307.60985469738114
2022-01-12,145614.24514760636,102156.3061395754,304.84149529836054
2022-01-13,144125.06075491608,102381.59258445213,294.26019356710907
2022-01-14,143852.96277149738,102151.00937234,289.7294986852164
2022-01-18,141287.69190399838,102148.39159719515,327.12617652082054
2022-01-19,139892.8989241637,102188.71923590271,321.8438681279448
2022-01-20,138806.58723008583,102483.02017644509,314.12277562489317
2022-01-21,136419.91516204458,102606.66353323162,306.8894297629906
2022-01-24,136865.34361166693,102541.4197487393,300.4534713673988
2022-01-25,135535.71007179478,102699.82570587049,302.4142846400577
2022-01-26,134941.20845620264,102459.52069661587,266.98385228548705
2022-01-27,134454.62743897844,102503.35275175258,267.71471707096396
2022-01-28,137262.61362557847,102468.81176035889,278.9588388148024
2022-01-31,139871.48373309398,102749.96398535081,295.0658373336761
2022-02-01,140859.49248886676,102859.25303424335,290.2654091400738
2022-02-02,141861.45484069615,102719.46103987057,284.36656380673486
2022-02-03,139705.76727654942,103155.27267125063,271.9323791419402
2022-02-04,140457.0168010647,103318.06801336205,265.8603746129839
2022-02-07,140690.04791411094,103754.89801360633,264.67336784577645
2022-02-08,141828.70917534587,103922.436628702,260.31589396911505
2022-02-09,144257.60615391316,104500.68232385282,261.7917453459062
2022-02-10,141934.63022127154,104369.32555235547,274.38470684716214
2022-02-11,139086.6048231017,104131.10737673122,299.3469147969425
2022-02-14,138192.19475084098,103764.71088913124,294.7042264487409
2022-02-15,140345.782556381,103887.9993349819,295.19751386955875
2022-02-16,140567.33297257964,103946.16696968293,300.69781346323543
2022-02-17,137597.74126338342,103979.21806628157,332.19893155534106
2022-02-18,136811.19108721404,104060.48518078077,332.3509038686126
2022-02-22,135527.96282625748,104199.92618615934,331.2574106826912
2022-02-23,132855.49812022402,104026.1531414324,336.79601182292953
2022-02-24,134433.6115520459,103779.35908920316,312.42745249302357
2022-02-25,137871.04392547513,104100.21079176752,337.27286793950805
2022-02-28,137426.61934028662,104036.79881785037,338.03218416180437
2022-03-01,134894.15307984757,103761.46651666734,341.69676592875555
2022-03-02,137702.85739007348,103895.09191307769,350.9898645411372
2022-03-03,136914.2407135542,103849.38473355932,350.7702744147674
2022-03-04,135796.5215681965,103910.6220156911,355.8556863341119
2022-03-07,131343.41599113794,103837.6929118729,358.3215090604376
2022-03-08,130424.0143714313,103971.86383952734,360.2165103688309
2022-03-09,133958.7187945955,103783.24337321718,355.3150291266397
2022-03-10,133754.30636611293,104137.58216795708,361.5096924765713
2022-03-11,132314.9916148499,104433.44968867896,354.18741822444554
2022-03-14,131737.8717125854,104791.99331746699,354.18755834139534
2022-03-15,134135.90544865647,104387.63582203766,331.9173253632078
2022-03-16,137245.57347750684,104504.71172240123,329.48621780666
2022-03-17,139215.58916669586,104698.38915895,331.50130439417205
2022-03-18,140593.696145197,104595.50850072668,329.2829434512792
2022-03-21,140396.6929169913,104477.22999117442,306.2686192015433
2022-03-22,141916.50895956106,104491.51919623099,302.13664998458574
2022-03-23,140080.60824682683,104373.49658334372,303.23630075846836
2022-03-24,142124.27983792574,104434.04532040152,307.2375519713933
2022-03-25,142981.99429547443,104586.62792716049,309.98954381435783
2022-03-28,143722.8984678317,104403.19405156717,322.1014310736403
2022-03-29,145373.1379365497,104281.74943181135,337.37225286229767
2022-03-30,144668.7180163473,104402.88548847678,321.5237343911802
2022-03-31,142710.62442009986,104479.99202963972,307.06693892681983
2022-04-01,143297.97889289068,104634.32400186382,308.65590893510205
2022-04-04,143682.75745907452,104111.41206585328,295.5908839238285
2022-04-05,142190.6147286204,104186.51695850791,290.46766725727684
2022-04-06,141237.40279628363,104361.23737334259,277.8043209701475
2022-04-07,141812.90648771252,104362.60997845909,266.90162807778347
2022-04-08,141890.74319465435,104639.45346617703,261.3647620534435
2022-04-11,140025.73869202833,104677.22598303849,263.5369873439625
2022-04-12,139583.40173020464,104637.93811610536,250.71860354884447
2022-04-13,141353.65382423738,104983.69040893909,273.58418328686946
2022-04-14,140012.5363229546,105028.72569739092,266.9008649881288
2022-04-18,139362.94713356646,104508.49708615005,254.3425193961067
2022-04-19,141647.2860363434,104746.03031495547,291.7014718545618
2022-04-20,142207.43258762706,105228.19112042741,293.15171690864213
2022-04-21,139760.13558417937,104906.37780516973,316.3807434466903
2022-04-22,135566.87283970145,104705.37099216708,341.3160406013845
2022-04-25,136106.5815655216,104512.31947742347,334.41092901298157
2022-04-26,132466.97073621824,104750.11773232337,334.2370750268018
2022-04-27,132535.48055971888,104511.65763419974,330.67089844128776
2022-04-28,134655.05283318576,103821.33349411466,295.0721394687717
2022-04-29,129746.98255579465,103546.05308869445,301.8009067772836
2022-05-02,130313.6968620808,103423.9073402757,303.6275167576161
2022-05-03,130937.36526906064,103488.30619446991,299.2740369565519
2022-05-04,134893.9405793248,103665.95242478998,308.3309910982583
2022-05-05,130140.77087251395,103454.27936546832,307.780812107369
2022-05-06,129218.66379986584,103290.3104489161,303.3526401583496
2022-05-09,124111.70362529677,102377.31604834562,313.017083980954
2022-05-10,124029.02278207008,102078.96121165143,316.84291184174737
2022-05-11,122111.3300185032,102069.76614437313,315.2496049025384
2022-05-12,122293.3203044169,102331.0947269556,334.73871709115014
2022-05-13,125788.82270332384,102628.05242260586,352.45562613799666
2022-05-16,124851.60011861788,102312.59932247187,352.7408756927427
2022-05-17,127724.75469308312,102384.39246002793,355.5185177340837
2022-05-18,122783.27021067344,102832.76405757031,350.7896716728704
2022-05-19,122767.81879152842,103504.88351044747,359.29807025781423
2022-05-20,122561.10347947842,103281.6670436197,356.9547500839266
2022-05-23,124374.10885367876,102886.55598630963,326.74373965904795
2022-05-24,123308.53467299513,102791.78564547618,328.5883433624672
2022-05-25,124772.75882481168,103099.17116385259,330.8648019655119
2022-05-26,127532.46974236016,103293.52750251016,333.8689234103289
2022-05-27,130939.68613083837,103522.61131706739,329.74047708770735
2022-05-31,129849.11545224053,103240.13259681013,328.87438204987603
2022-06-01,128333.17454089402,102869.11117137491,328.01548178674085
2022-06-02,131239.12148318495,103104.83876030755,352.128658108623
2022-06-03,129170.87660254812,103318.48529113099,358.22940444801606
2022-06-06,129557.76178323803,103287.59609597451,356.69684243977014
2022-06-07,130746.8837990054,103125.90232535148,369.11259616461723
2022-06-08,128953.02625203828,102980.73433242159,372.13243960908585
2022-06-09,125712.1525389217,103095.89398614987,362.19813465363967
2022-06-10,122104.38281229594,103327.84849979884,350.3570342628143
2022-06-13,116745.9555091796,103072.59700526534,355.8353563398149
2022-06-14,115984.88635894604,102738.13004050207,353.22791541301655
2022-06-15,117538.76285621534,102539.1687016253,349.3604035749387
2022-06-16,113275.2149499449,102380.74275839531,339.70963755967523
2022-06-17,114061.48627477768,102853.62424747008,350.4100753699986
2022-06-21,116549.30497719614,102408.77973503248,336.6195718041847
2022-06-22,116245.67007881503,102334.49423682912,335.90151713440247
2022-06-23,117162.58310633092,102106.34428662533,333.7233518641564
2022-06-24,121100.5570995569,102133.49744334772,339.72293044175603
2022-06-27,120629.0416346171,102151.82558292082,345.3613834253187
2022-06-28,118465.73360104606,102424.36582108773,327.4021908065382
2022-06-29,117646.47683326602,101800.18787350292,325.5524365534732
2022-06-30,116615.844208899,101743.14264262721,325.5421895012568
2022-07-01,117919.97825163323,101831.76012194983,314.6610189430473
2022-07-05,117745.45429832528,101491.79924481855,316.4789421943083
2022-07-06,117658.13381665172,101071.13680025317,322.7984975397051
2022-07-07,119567.62467316553,101161.86902532032,328.2967808814989
2022-07-08,119296.71906553143,101018.2437800635,329.35141826614796
2022-07-11,117899.7412604394,100931.14356669792,304.0257268621866
2022-07-12,117177.63763422496,101141.21717421354,297.70949794522477
2022-07-13,116440.75473253908,101032.50364864893,318.38631442748726
2022-07-14,115449.94453787904,100419.3188548995,320.24942246725294
2022-07-15,117874.00571620792,100478.2388422673,341.14934397017106
2022-07-18,117160.37324945348,100716.70468728762,326.6629141576103
2022-07-19,120694.42358836028,100836.93792363058,344.2134815166141
2022-07-20,121551.6820216272,100862.68151745152,345.16888041348165
2022-07-21,122202.44380341124,100329.49410675472,334.07103585678595
2022-07-22,121146.81445879822,100424.60573397693,330.56559083197703
2022-07-25,121532.607218357,100618.37832205438,331.1693969112923
2022-07-26,120274.97304442168,100813.08914914522,333.317662990703
2022-07-27,123502.80973578412,100813.12994671919,332.0855771833197
2022-07-28,125254.0476806354,100971.76927834013,323.47158273169873
2022-07-29,126767.9476313373,100744.36502500932,315.76217669775014
2022-08-01,126306.81036115714,100678.05521724786,322.7988306796763
2022-08-02,125971.56937974124,101026.23857027215,298.4422253766514
2022-08-03,127859.37889895657,101077.06987458303,297.7067726141841
2022-08-04,128186.36504081148,101399.53462191293,302.6077168767427
2022-08-05,128746.7237433446,101997.17244288606,292.6564381898167
2022-08-08,128967.48955695452,102278.38007118621,292.50601419469933
2022-08-09,128341.0509786142,102146.25211643412,292.28967919664433
2022-08-10,131402.89112963848,102618.8035915122,298.8880954197218
2022-08-11,131631.91290124226,102797.65764865166,297.2289433383916
2022-08-12,134125.50078921416,103057.46762166916,317.73539626754035
2022-08-15,134483.34853141103,102930.72238212013,309.47785593060814
2022-08-16,134758.14841780122,102944.13775635134,319.5862787114787
2022-08-17,133411.7339570457,102702.5194232025,351.36768830876787
2022-08-18,133879.22516334918,102737.25943912704,355.5940881603102
2022-08-19,131861.24733349017,102749.94232840801,368.56483249323026
2022-08-22,129194.58073508146,102995.13806341363,354.1022969931863
2022-08-23,128957.3721374845,103075.77478294316,353.24865865972856
2022-08-24,129494.95255147878,103154.30678059135,347.6018825002491
2022-08-25,131517.23385141455,103207.96070732248,349.78703027857944
2022-08-26,127044.09396822736,103278.91198807766,335.2631394979561
2022-08-29,126224.77864566456,103319.11691880031,338.2828213787423
2022-08-30,124954.33828006106,103450.71772275803,338.1628772950483
2022-08-31,124093.56511418312,103551.72861592803,338.6696417595926
2022-09-01,124141.04756784308,103262.60154635807,330.59348028916713
2022-09-02,123008.12620740602,103411.94680209011,328.07285588370377
2022-09-06,122755.11659302018,103592.09421107227,330.0272370731582
2022-09-07,125308.33027606696,103827.76911759097,338.9216529046023
2022-09-08,126529.5066826111,104132.62481240377,343.49092165338834
2022-09-09,128427.74171290216,104040.92528218798,336.93499240669485
2022-09-12,129482.7932725558,103796.13238301477,323.2420085818158
2022-09-13,124206.80766780034,103906.23617692181,316.97414021371003
2022-09-14,124606.0424239586,103860.01106643905,315.93793418949343
2022-09-15,123254.32211168908,103865.86052064129,316.60866742650865
2022-09-16,122005.38323728432,103584.10016524984,319.818430922006
2022-09-19,122737.88556597652,103427.84996404785,317.9691318568618
2022-09-20,121029.00003251372,103151.90221323351,321.054384341885
2022-09-21,118938.13349545051,103085.69011294628,312.2800130172491
2022-09-22,117090.68617172034,102298.01752758809,305.46720963924645
2022-09-23,114888.00965505611,101948.15950750775,298.05858375544364
2022-09-26,113384.41397486988,101530.13716950313,293.79387586097585
2022-09-27,113262.68079839271,101686.80328525776,331.99402422910424
2022-09-28,115863.6667263741,101797.97542208333,361.16462732587775
2022-09-29,113594.5263662868,102090.60720650457,349.81720005205403
2022-09-30,111945.15779628258,102280.57596550984,344.9869235011287
2022-10-03,115216.5637502102,102317.27617719058,357.0390303875453
2022-10-04,119327.307268861,102462.45464386197,362.69972138011525
2022-10-05,118845.40185855,102314.90484369454,365.4720085854982
2022-10-06,117557.9662610426,102365.4181188015,359.38935670724754
2022-10-07,114102.47462539036,102467.40189052354,356.0643559751219
2022-10-10,113419.30345828984,102698.16639665268,353.2641303069284
2022-10-11,112843.8874550504,102878.69152715371,353.5571266241235
2022-10-12,112506.1723603417,102935.80607533826,352.6573728397938
2022-10-13,115309.0196957677,102640.21478879999,344.6878079059477
2022-10-14,112575.61496892896,102685.05694725065,346.51755288556114
2022-10-17,115439.9081418788,102555.81428341227,339.7999321286031
2022-10-18,116999.94982949796,102727.34324432,330.1433508175721
2022-10-19,115927.56006951533,102521.63040682318,330.43810670792135
2022-10-20,114883.2034471184,102467.13885878991,330.2666452963178
2022-10-21,117439.44270090498,102300.31153533811,320.36748376184704
2022-10-24,118923.60691631644,102350.13301163199,323.87870237872147
2022-10-25,120811.1463207197,102336.33884467863,326.9150348893802
2022-10-26,120668.12370137882,102961.70873480439,317.79415845509936
2022-10-27,121144.99266321251,103887.16105906421,312.4556011878713
2022-10-28,124134.3203825574,104254.68664044356,294.60324677615915
2022-10-31,123222.69182161016,104173.47050670991,301.31299314937866
2022-11-01,123267.36052688755,104618.06302003749,297.29488564937776
2022-11-02,120243.07727164096,104470.8363193633,307.15339264188276
2022-11-03,119456.96654733692,104759.60170126206,302.23779458753904
2022-11-04,121295.21716263652,104972.49205865347,310.771660669224
2022-11-07,122335.68129633598,104946.4761933141,308.69275690943175
2022-11-08,122986.66585890204,104979.24069230458,310.60054595147574
2022-11-09,120746.32725550632,105123.8788361784,318.94960405068736
2022-11-10,127332.35261461754,105273.69204727017,324.0373394002402
2022-11-11,128468.06915594448,105232.258383759,322.32948359441735
2022-11-14,127091.4970281746,104970.96594175379,323.4497799965593
2022-11-15,128405.72582577165,105183.01899090555,326.6561655554958
2022-11-16,127003.22610911672,104823.97805559216,328.4894554240497
2022-11-17,126402.5245305738,104650.36137422833,334.64104627051427
2022-11-18,127015.09121309074,104681.97042965525,333.53276335424596
2022-11-21,126611.60097898995,104729.90116691927,333.27927157645786
2022-11-22,128217.23260279204,104650.73487360895,332.6792124356467
2022-11-23,128914.96608263985,104544.68172413674,340.99111941192643
2022-11-25,129210.96821584173,104810.31151301831,365.0510837866231
2022-11-28,127130.28503798376,104906.15481135987,355.8400880412502
2022-11-29,127397.90094223304,105313.95633011553,347.58503787918
2022-11-30,130645.6244401,105045.7721604049,296.40630215053915
2022-12-01,130399.3031572704,104914.49012494367,287.3262809816624
2022-12-02,130183.51395289616,104844.54460037115,284.72157984103643
2022-12-05,127765.98440606448,104577.67761452627,295.9686455131132
2022-12-06,125966.28642642312,104459.3031987437,298.6783049444452
2022-12-07,125570.68595498832,104289.5776487297,295.6782784925965
2022-12-08,126609.31832088626,104417.94073758941,298.392465400316
2022-12-09,125587.71820017757,104276.10954378435,298.07770300129613
2022-12-12,127599.30369684628,104566.32640790264,305.0721343684585
2022-12-13,128294.8341754223,104406.62605464566,305.73276852804406
2022-12-14,127144.13217948386,104157.85943806404,340.77906351924895
2022-12-15,124082.65747733922,104213.79905305199,333.0029844801965
2022-12-16,122782.4865474933,104349.45866820942,330.6298970467467
2022-12-19,121602.28894969204,104228.88766018162,330.093136384295
2022-12-20,122045.86083225242,104464.47508592627,336.3924149745578
2022-12-21,123969.5115977232,104514.69482581932,339.2953072230375
2022-12-22,122259.2345819695,104586.57814925305,337.2252757124007
2022-12-23,122996.03842452962,104607.03607602695,336.7972286055153
2022-12-27,122703.06716764596,104768.35860638754,331.1458671677348
2022-12-28,121352.45457804132,104935.78597360678,338.00749906214025
2022-12-29,123450.00575062342,104881.94906164035,329.27160514561945
2022-12-30,123063.00199047085,104823.80028141406,326.07268398610563
2023-01-03,122845.1852832262,105070.35456311874,326.7060280239393
2023-01-04,124194.18244559948,105430.33990873848,327.5836666110657
2023-01-05,122307.6683147531,105064.00350061255,342.28883182940297
2023-01-06,125368.93952375876,105182.58255469035,348.263103444694
2023-01-09,125769.37679210736,105580.66058140992,349.38791088743716
2023-01-10,126823.18082065597,105691.59972690254,350.9614360080822
2023-01-11,128083.47058884671,105378.7976746459,341.56328710803666
2023-01-12,128677.5853665935,105469.30029891219,348.0747826653499
2023-01-13,129327.83002456665,105564.79874887428,358.9099291345341
2023-01-17,129233.45376661095,105692.22651074985,355.31737358693397
2023-01-18,126960.36105134244,105662.9043490662,367.81330591933033
2023-01-19,125635.5577215598,105409.69890220974,369.2250422298886
2023-01-20,127992.46148724176,105314.12719789115,353.0448560998916
2023-01-23,129393.708147449,105174.712273095,341.6782015642141
2023-01-24,129063.9102953034,105024.54893077313,348.419304300519
2023-01-25,129145.7910135481,105050.48874485554,344.9671574185762
2023-01-26,130477.91289069736,104911.87937413713,352.9794379864738
2023-01-27,130607.37587813126,104761.35700186751,351.76528843561914
2023-01-30,129198.35741477892,104960.19820967464,337.31394870546046
2023-01-31,130963.61081887664,104833.95483922922,336.94733122351937
2023-02-01,132423.01268924974,104886.1036549541,334.00754320675503
2023-02-02,133556.87621940655,104397.94488134205,300.93782986124177
2023-02-03,131964.89403695017,104160.71529975526,300.4599867276389
2023-02-06,131154.21462740234,104093.6186439987,297.8402093363412
2023-02-07,132462.45660180834,103926.61781235639,292.1673254939187
2023-02-08,131248.2798556767,103967.04300387492,288.883558466214
2023-02-09,129753.13982586296,103582.23722363207,292.464739371829
2023-02-10,130284.03427830248,103790.57488267768,294.3882430183284
2023-02-13,131543.39732192893,103688.05465834134,299.12763628046565
2023-02-14,131474.71849594687,103676.32502815862,292.8636704188456
2023-02-15,132658.00851609983,104313.63213654763,291.20356878865886
2023-02-16,131089.008207154,104434.13917758886,313.14841853785947
2023-02-17,130643.2462923635,104318.95217803739,305.1496315994757
2023-02-21,128099.65020171068,104248.12113680675,310.985148144069
2023-02-22,127891.33936213078,104220.46332736048,327.7960859752538
2023-02-23,128285.94837174324,104002.51873955641,322.30456606458466
2023-02-24,126863.32523266514,103914.1986423511,317.35337476205603
2023-02-27,127150.39782358595,103816.50961573057,310.9865392123773
2023-02-28,126998.67214221224,104067.28564243106,323.696572361135
2023-03-01,126768.43334589996,104270.4008996446,326.013964710666
2023-03-02,127710.69081346288,104305.35514578008,303.0455371617395
2023-03-03,129492.83049533029,104229.01406327501,303.4639759093757
2023-03-06,129246.88769552315,103965.30152057255,301.0369964420199
2023-03-07,127204.10877790287,103787.06399183268,303.6904962412604
2023-03-08,127469.59575954908,103847.53297806151,304.6723246344007
2023-03-09,124555.65741590536,103428.7010491999,335.75576020937507
2023-03-10,122030.42169718177,102940.40988649696,352.54402722963783
2023-03-13,121294.70615284712,102477.47893730747,349.93439825059374
2023-03-14,123293.99519793491,102332.33040066883,352.52217624739245
2023-03-15,121734.5189851845,101745.08117895915,357.3521340902138
2023-03-16,123761.3389110499,101483.12010028986,354.10346352064164
2023-03-17,121990.21234878917,101337.94724069197,355.0579421459871
2023-03-20,123348.4866376708,101370.8940202278,362.87584932309994
2023-03-21,125193.90943535998,101320.28967348719,380.7687366720717
2023-03-22,122372.7109451524,101067.99560176168,378.1465097479108
2023-03-23,121679.71016654358,100171.92544339235,377.84772146271507
2023-03-24,122220.8396374078,99838.05788187243,377.3058013668206
2023-03-27,122870.38017254668,100149.39800814695,375.0136125325768
2023-03-28,122880.24097333432,100418.85820912187,372.20825281063367
2023-03-29,124755.23775112689,100293.10097091834,363.8454661741936
2023-03-30,125481.52804861648,100191.10512911125,374.0871726600006
2023-03-31,127306.00614371484,99991.24465642996,375.90011279320703
2023-04-03,127387.64741411115,99611.01286513986,372.49925798319913
2023-04-04,126319.52619432416,99410.51263899743,365.7993891543288
2023-04-05,125772.31395673347,99261.80748791566,344.426704568929
2023-04-06,125768.80072770704,98848.35397140354,335.922153995348
2023-04-10,126440.07812224388,99270.29445784504,331.22319273341805
2023-04-11,127208.48638808,99846.67079050641,322.9008753509245
2023-04-12,126658.15017512788,99839.07445581233,333.5060085710594
2023-04-13,127872.60143607402,99561.97043902632,296.63452713918775
2023-04-14,127545.260194165,99532.02040045147,294.67729322553214
2023-04-17,128316.52151424016,99825.57165588744,275.7411297811338
2023-04-18,128604.17721554352,99991.35044390691,285.0486899855921
2023-04-19,128619.31288319836,100016.19662152625,247.67576019873857
2023-04-20,127652.0582910654,99720.03575207505,266.80723629721325
2023-04-21,127483.12503300227,99519.3523825249,282.5999886120151
2023-04-24,127370.0662414968,99339.81839375611,279.6693010321961
2023-04-25,125233.74931939444,99179.79618793631,303.52377202042516
2023-04-26,124471.92717570794,98982.2888016075,306.4185445223386
2023-04-27,126437.1779154362,98695.94113363455,296.449190173236
2023-04-28,127440.27973512169,98679.47042113933,299.63937353309933
2023-05-01,127348.16238591934,98701.0682020434,294.49846171299214
2023-05-02,125680.75853758576,98457.86744666638,298.1167118516991
2023-05-03,124490.27367375372,98168.47947303679,299.23606262916775
2023-05-04,123794.77376716815,98268.30871427554,293.5599791909676
2023-05-05,126129.98941545768,98345.56782121002,307.5713096341739
2023-05-08,126444.28025538308,98565.00602480775,308.56856536363415
2023-05-09,126164.31196932176,98759.26625262001,301.92381970170453
2023-05-10,126372.81822756304,98489.54908391729,295.9375805389573
2023-05-11,126073.98701823728,98430.20458781984,318.53011664873003
2023-05-12,125830.96139022388,98371.79124112832,320.7595126361497
2023-05-15,126505.92897676496,98549.2619519774,325.67920936843706
2023-05-16,125174.42187748587,98200.51313625697,328.6900719519535
2023-05-17,126865.8364483521,98294.10950473894,325.7355264475084
2023-05-18,128092.57733967778,98239.50917240881,334.17903656285034
2023-05-19,127799.77662325135,98171.65882343287,344.8620886191555
2023-05-22,128267.32944074603,98487.1959607845,345.26376327145624
2023-05-23,126753.44875459428,98550.3313495427,349.72706553219115
2023-05-24,125368.97229768665,98314.8207905074,370.1129161656756
2023-05-25,125738.3349703163,97688.29302059558,336.24162474540145
2023-05-26,127045.8426801875,97393.49336079236,322.8915595059785
2023-05-30,127045.35591836022,97355.0049641124,320.0218323621904
2023-05-31,126435.8341008936,97412.61078489228,303.02955285028685
2023-06-01,127567.93537500178,97419.12416841865,291.4875420289018
2023-06-02,129935.20362620147,97786.74346456582,319.856132170771
2023-06-05,129524.6994112112,97669.78991255068,320.1815867161774
2023-06-06,130062.11257992376,97855.01733200897,323.92169826074627
2023-06-07,130352.48793418016,98403.15055601862,306.7922125593123
2023-06-08,130813.40517068804,98235.26015920925,272.222478580475
2023-06-09,130843.2011753983,98092.8739075917,293.1525994656544
2023-06-12,131917.47056280522,98024.3835679059,307.70864315406567
2023-06-13,133007.86819313077,98200.28060654055,308.0841395568662
2023-06-14,132791.30145664504,97921.26040599162,318.8405332995898
2023-06-15,134573.5439222078,97966.22569358267,327.5726872551695
2023-06-16,134322.22467465544,98075.16036631375,274.48190426622097
2023-06-20,133213.00362464815,97752.07715350264,299.27909844517643
2023-06-21,132844.92581458585,97941.60623270039,287.75060137024474
2023-06-22,132569.35979498693,97385.56551690662,311.1889927339538
2023-06-23,131568.85297817813,97382.44137642058,309.9254059949675
2023-06-26,131757.5627391449,97890.34260499953,290.16275090842237
2023-06-27,133421.13459679464,98071.88221810952,308.5429112022425
2023-06-28,133670.1838265511,98207.44976371173,301.9462026221954
2023-06-29,134544.115598755,98468.78987664165,310.10941149687625
2023-06-30,135948.15205526608,98428.19736169899,289.425320809143
2023-07-03,136423.26629040978,98667.11970682902,292.80763567822135
2023-07-05,136127.87168760874,98580.67858562642,273.38759484455284
2023-07-06,134857.12560208607,98396.39729623563,300.2144028951356
2023-07-07,134929.0032688057,98692.40072057475,309.6755717537916
2023-07-10,135962.77379140534,99210.16911427693,302.95129026946245
2023-07-11,137503.4976360762,99662.73496803462,339.168662729718
2023-07-12,137758.1892760262,99113.87038171552,290.0286415924127
2023-07-13,139131.65852483435,99361.65428263499,299.03929722583
2023-07-14,138460.44562378802,98943.42496070627,312.5184379713146
2023-07-17,139069.2819360381,99013.26655320602,336.67101776581313
2023-07-18,140140.18231156698,98997.37961374018,335.10440717624795
2023-07-19,140782.57921463632,99222.35045266233,330.040451356326
2023-07-20,140523.17134996288,99538.95541209527,242.0484898042992
2023-07-21,140734.58188479446,99688.70711210382,248.98673995814846
2023-07-24,141264.35879321807,99714.73297387717,250.39112636257607
2023-07-25,141554.51446844082,99731.16159447147,220.80029821733777
2023-07-26,141862.0545770678,99934.85194714695,270.7528407818791
2023-07-27,140778.03800865237,99761.070229282,284.3432491685532
2023-07-28,141228.00314642547,99443.79542806845,206.6715478461504
2023-07-31,141809.97794942465,99731.54113544631,204.97888331174434
2023-08-01,141788.01997420634,99879.92446310514,183.0511945727843
2023-08-02,140402.50556189963,99791.17352224584,204.48361888769313
2023-08-03,139905.6196498476,99632.93529404435,218.10747614315872
2023-08-04,139065.92076904685,99351.723073638,224.62155422860198
2023-08-07,140512.40251954788,99701.26915091055,252.3910541903786
2023-08-08,139508.41717121255,99342.09612209746,260.011247305992
2023-08-09,139013.11577365242,99509.13028562216,250.54991128542142
2023-08-10,139033.8654342433,99496.87165910754,242.9173688901955
2023-08-11,138990.41597074724,99519.2165032379,294.9580940415474
2023-08-14,139253.16673884998,99257.50808523178,261.2483874879772
2023-08-15,137531.82705001195,99039.34591874106,278.14064188938806
2023-08-16,136689.9076517959,99129.46060434694,305.85038078953227
2023-08-17,135457.50639153822,98972.54172909417,310.9250222774345
2023-08-18,135511.01886572997,98965.33951698158,309.6672042687984
2023-08-21,135840.84344723242,98696.14334131028,251.45367226689365
2023-08-22,135343.119525207,98542.42490143301,246.62811801320404
2023-08-23,136748.14418770652,98586.97264703494,282.49521730651605
2023-08-24,135294.3776804823,98676.36470214362,264.66895952795437
2023-08-25,136208.51229004184,98748.49066973178,271.66038335589093
2023-08-28,137072.33583547847,98815.36819725469,283.9066168759653
2023-08-29,138854.64732170367,98845.45700452224,278.8037720449107
2023-08-30,139210.74327547656,98738.36711965456,280.6494534357473
2023-08-31,139041.03197691037,98740.44981494591,268.60509569545866
2023-09-01,139788.51560999072,99116.97718342653,266.4843309812002
2023-09-05,138889.48592483733,98862.83872307662,284.01093253751236
2023-09-06,138756.94572724064,99315.15457979917,262.5836348622944
2023-09-07,138790.90423701555,99585.71785012595,258.6787155691014
2023-09-08,138806.61630798364,99479.32602719052,250.9400889339968
2023-09-11,139472.76619730468,99457.28594921596,243.75055478321244
2023-09-12,139180.42710375643,99649.81649822116,235.4784518380703
2023-09-13,138846.18663248062,99344.50478444688,181.34824312552954
2023-09-14,140169.74797719918,99662.94557657445,234.47075389599755
2023-09-15,138718.4943299949,99595.093237833,256.9639059136172
2023-09-18,138923.96153044474,99697.29276722111,248.5836397064289
2023-09-19,138532.10596420808,99570.69029557791,239.37924921840516
2023-09-20,137864.05116766115,99792.54256770996,246.5882776167896
2023-09-21,135505.69589473415,99540.65045413,283.5024426207151
2023-09-22,135186.09340754518,99505.40733493702,286.4478301642795
2023-09-25,135507.5793822238,99368.59999393411,286.2270796828203
2023-09-26,133453.24982990656,99223.53292352888,298.9442536028507
2023-09-27,133621.44472063612,99310.21045666472,310.83351469497836
2023-09-28,134558.01518788282,99448.58951310461,311.16120160205116
2023-09-29,133929.9472467073,99220.39358022365,313.37075559834017
2023-10-02,132956.05157205387,98535.37550502567,294.3044467440088
2023-10-03,131086.708366064,98384.21304961688,297.6474429616245
2023-10-04,132008.09182455938,98362.80168916348,316.4579228813864
2023-10-05,131998.80905525284,98393.41843867567,322.1026367078242
2023-10-06,133428.8299704889,98277.47147105027,321.5034222219863
2023-10-09,134356.79476733325,98311.96174926074,327.9671957599839
2023-10-10,135334.60790921687,98472.72416665695,345.3947993538148
2023-10-11,135684.78054429058,98288.93471889297,345.8957919612632
2023-10-12,134367.56751172253,97994.58555210131,349.03343396893575
2023-10-13,133910.33943601733,98176.77345140348,335.4002950939371
2023-10-16,135446.41349466718,98216.71988660043,334.16287377790616
2023-10-17,135999.95500624186,98622.72023637765,325.751163366296
2023-10-18,134153.25949081918,98641.96951613227,329.74868856207553
2023-10-19,132512.0581365834,98373.435246584,344.1310941389395
2023-10-20,130975.91356808842,98556.66698219662,348.33525431760194
2023-10-23,130377.54574666447,98293.52727994916,347.4876835353864
2023-10-24,131500.09563069232,98338.95155507936,343.1789182128175
2023-10-25,129458.935705259,98366.78063620873,349.28349097247826
2023-10-26,128763.22354351504,99039.37137609685,325.6174450150176
2023-10-27,127525.95951976885,98544.24059219648,323.03415090049344
2023-10-30,128874.62828886548,98448.5132973098,306.38682587273365
2023-10-31,130212.68729346212,98851.54364989832,318.9605202735564
2023-11-01,131461.57272352275,98758.0016132843,314.39376904168955
2023-11-02,134038.6710202925,98847.49019161414,310.56738071959967
2023-11-03,136051.57889017236,99419.48757197446,323.954313319609
2023-11-06,135709.1523887477,98940.30279210159,318.99719865932417
2023-11-07,135944.12357745357,98830.31461632645,317.9654897818169
2023-11-08,135958.27277710734,98770.70722714197,307.09808060106946
2023-11-09,134827.04794187396,98842.4710930602,368.81068204401384
2023-11-10,136655.497441098,98570.38944244239,331.7100632512932
2023-11-13,136721.7727334647,98715.8188668324,330.13821032935834
2023-11-14,139531.94437016302,98732.52038572163,334.23765918002505
2023-11-15,139854.4683669394,98740.38641692042,335.3875412741659
2023-11-16,139839.92447859334,98601.33088764304,338.86048602622833
2023-11-17,140364.95081824475,98849.03715545822,318.15503467312925
2023-11-20,141165.76996441625,98670.54974965038,310.20198369299897
2023-11-21,141133.53704327275,98853.38920095046,304.22367511027153
2023-11-22,141786.94679648973,98948.34311926899,302.95239414162154
2023-11-24,142306.0236576249,99256.34599259665,284.8397046492873
2023-11-27,141986.11073093733,99205.3037849004,307.6719958691223
2023-11-28,142073.97361149217,99170.73131509256,312.13667696432975
2023-11-29,142420.917927654,99459.82508029316,215.5615532152522
2023-11-30,143389.88043366023,99836.67112355614,246.07186396045807
2023-12-01,144759.52222849452,100261.26228096875,288.9313986339363
2023-12-04,144443.79113649708,100495.05358517374,278.16377063513147
2023-12-05,143553.7913833228,99897.73529392335,355.6949619923488
2023-12-06,143083.9746360363,100024.45352259187,362.73382677861355
2023-12-07,144059.45845004258,99931.32185798041,326.60493360728793
2023-12-08,144581.81502498465,99868.43535841173,318.12077294233006
2023-12-11,146052.15332569176,100476.49365595396,339.3272614318881
2023-12-12,146699.6509538611,100455.06355724586,328.9929033112566
2023-12-13,148858.16645125853,100508.45083782787,332.8680710574829
2023-12-14,149696.75268922444,100744.40540582515,332.1766992700653
2023-12-15,149231.81941236442,100601.9987406695,332.97154985258373
2023-12-18,149592.17373807958,100217.27604107105,358.1787645546514
2023-12-19,150597.485193476,100281.74044719482,322.935203005882
2023-12-20,148226.51729937753,100220.19801384593,352.14512814434784
2023-12-21,149882.06849082877,100279.92387525762,360.2418073334011
2023-12-22,150402.55573511642,100403.57918502847,360.53975426662515
2023-12-26,151092.5265677381,100394.66253571237,358.42574566068674
2023-12-27,151378.58548044547,100383.59664964245,358.6586672573197
2023-12-28,151540.99753691093,100448.97505665295,361.5047227936665
2023-12-29,151085.17240667556,100466.78793240039,356.3441344134678
2024-01-02,150332.95697802748,100569.25680636267,347.3618471225317
2024-01-03,148699.18990901677,100427.19390594745,374.17033411191693
2024-01-04,148566.38783377892,100711.6606113604,374.6874940806329
2024-01-05,148913.53678438193,100788.99713198152,371.37781553341705
2024-01-08,150606.20837855633,100596.46791201964,300.6979623807183
2024-01-09,149895.86513053757,100265.0530814865,302.06326879611413
2024-01-10,150036.61373137592,99868.30421878172,277.6964392043058
2024-01-11,149639.03033866012,99641.56040575157,275.66360822527747
2024-01-12,149582.20219587575,99544.3795799474,274.8520107052478
2024-01-16,149070.86115797696,99516.7097890086,273.5703016982485
2024-01-17,148217.72749739338,99426.96820750459,277.3326069948341
2024-01-18,148936.54179044403,99231.00594032917,244.26207385794658
2024-01-19,150746.21892372362,99335.57288602677,283.40124261081104
2024-01-22,150853.10425721222,99216.73631447347,286.50766101748405
2024-01-23,150825.60051111097,98940.72305033721,282.5061777649069
2024-01-24,150157.70358393763,98406.78150586903,279.1989316584145
2024-01-25,151240.93755229516,98602.03040921078,303.6103090513726
2024-01-26,151561.38481557215,98922.48472993347,282.07047318683124
2024-01-29,152817.89195609264,99020.49826847993,292.13189571496866
2024-01-30,153040.94810760088,99233.50871369102,283.9967471960348
2024-01-31,151283.41394649688,99347.4107972455,247.11101175168278
2024-02-01,153020.4083040843,99429.21243793571,259.5323735839297
2024-02-02,153206.55856796683,98835.02672537383,215.73654564883114
2024-02-05,151627.5210811772,98086.91980701855,235.79678310645903
2024-02-06,152081.0845710504,98164.78097550795,237.4229362940515
2024-02-07,152918.08102475054,98095.7526966782,232.78096633835952
2024-02-08,153181.44946468226,98233.33264827903,226.73824437896923
2024-02-09,153888.81573175016,98262.63480883281,233.8128099877353
2024-02-12,154320.74537614093,98568.88015475826,221.51785508614267
2024-02-13,151977.77506935943,98151.83115413653,249.19724218308184
2024-02-14,153599.0889752662,98365.44471686754,293.3142836538976
2024-02-15,155052.15718649863,98645.53890716242,301.59523474130356
2024-02-16,154087.53455848273,98582.83520111392,352.52592497874514
2024-02-20,153388.6229109201,98699.50383105775,326.830407694723
2024-02-21,153523.3449714734,98693.20136753174,327.2106812177172
2024-02-22,155629.40570142903,98252.98012042334,274.45117288113573
2024-02-23,156128.0181060962,98508.3511145504,274.6428723033089
2024-02-26,155774.2229330316,98601.48689846497,275.04920162509194
2024-02-27,156528.4636824795,98916.82084388506,278.389713492233
2024-02-28,157234.18733871216,99461.39795523034,238.6690228910866
2024-02-29,157996.1059250214,99683.97536978444,229.84778225867703
2024-03-01,159404.79569417,99909.78800010413,224.34563570112817
2024-03-04,159658.02012640616,100137.39530001958,204.16402421317562
2024-03-05,158543.27415678266,100094.5655265311,208.88174908068714
2024-03-06,159870.90305252266,100595.7821077617,212.2966134404884
2024-03-07,160786.49765003487,100449.80903401252,230.11523369833137
2024-03-08,160336.7902113129,100612.39772926307,234.85217186408582
2024-03-11,160551.1817503041,100808.71899485517,228.5128674156008
2024-03-12,161311.81760990468,100624.29739183001,194.1534914387632
2024-03-13,161436.8506454391,100802.72582721741,202.97340028735138
2024-03-14,160512.62791008726,100360.04952951275,214.2467367231496
2024-03-15,160049.67916770568,100494.63837823973,196.2044371845799
2024-03-18,160772.40990943392,100575.6489074488,198.74314078772673
2024-03-19,161372.25977118165,100625.08707776525,185.27703927056487
2024-03-20,163037.7999850539,101081.92797010145,198.86215339393564
2024-03-21,163876.4904265664,101381.5273055726,210.30568480320198
2024-03-22,162970.45131749014,100963.59610366798,235.6101249825816
2024-03-25,163143.4093543854,101269.36377596157,227.00695407234576
2024-03-26,163013.82813331133,101347.5085205062,270.5792491171471
2024-03-27,164716.4071195089,101606.35369582924,300.2506762194767
2024-03-28,165200.8991937755,101921.79763784804,273.7327105881642
2024-04-01,164285.6554926483,101543.11187700985,335.18023175649364
2024-04-02,163017.18728176615,101482.76548294984,357.7302237380053
2024-04-03,163245.80911637156,101493.82603107861,375.94567207367123
2024-04-04,161012.4672672048,101589.16938533001,381.8006920468636
2024-04-05,162706.1198607633,101470.68708705842,356.5544149178859
2024-04-08,163017.68636939174,101602.09815900531,353.8476633061964
2024-04-09,163098.07176966328,101519.4423362002,360.30261801130183
2024-04-10,161132.63762906348,101462.94322030025,365.42699804629655
2024-04-11,161533.11985679832,100938.04798540425,321.44046362828385
2024-04-12,158714.6524249224,100637.31547131055,330.7954372893264
2024-04-15,157022.1206120008,100825.99496809496,316.4378988559555
2024-04-16,156429.85364778497,100629.19187883752,314.89127399943624
2024-04-17,155878.3306376386,100855.56944887438,308.669573919809
2024-04-18,156100.5508776815,101200.20321970902,307.1937088315001
2024-04-19,156320.01476281564,102076.94520923773,266.62584238605245
2024-04-22,157595.47274165842,102125.10680415576,267.39669608351556
2024-04-23,159189.16483726088,102134.40016039806,270.05143760770665
2024-04-24,159173.54788465338,102163.43981900961,257.7334918294786
2024-04-25,159041.6127379928,102414.17129648812,277.28473103322045
2024-04-26,159537.49770689546,102128.05974101822,198.94422091924096
2024-04-29,160043.1993925517,102266.34636950245,163.40405471139974
2024-04-30,157929.4806364532,101960.22454520692,206.03967304686049
2024-05-01,157241.62225393087,101732.49727549829,208.59829361564545
2024-05-02,158358.66111423058,101824.80491612518,211.00030578459527
2024-05-03,159676.95824760885,101713.08456439654,241.119297538969
2024-05-06,161081.4828246526,101809.10655366551,240.82516219597383
2024-05-07,161137.11869388004,101761.10747839701,234.3014660169618
2024-05-08,161219.55454177212,101805.87937753565,234.39137811331796
2024-05-09,162391.31728044545,102087.98099836531,247.49598827499466
2024-05-10,162856.5264161354,102272.53101395017,260.6095313338562
2024-05-13,162221.25869468745,101862.15143737252,263.68800791193684
2024-05-14,162835.0908324706,101841.95872695725,274.31598512483265
2024-05-15,164561.59942849193,101861.04327837218,265.3723218249918
2024-05-16,164346.8062070306,101902.62698339745,262.95873565770916
2024-05-17,164793.84936752866,102047.97069747529,284.54841333038013
2024-05-20,164820.8250830542,101954.77872376249,295.2001965847741
2024-05-21,164740.94255593853,101672.00281302132,293.90226091228544
2024-05-22,164305.82998105665,101676.32206988448,293.58073673614206
2024-05-23,161960.44043633927,101070.95199030206,356.2960598770702
2024-05-24,162893.24933509054,100891.77846042694,355.7534559346402
2024-05-28,161894.32965073557,100192.38533363302,355.26207153881876
2024-05-29,160219.31620651644,99956.12895177206,352.8692347656494
2024-05-30,160312.31329072907,100644.72913721981,296.30551961879667
2024-05-31,161697.66831657785,100593.39270799505,312.9114546486324
2024-06-03,161059.72890294986,100116.51347007077,302.45129559438953
2024-06-04,161144.80097524825,100059.97051408136,302.8411765984489
2024-06-05,162289.17759385836,99685.06479982495,281.4111076840352
2024-06-06,162173.2800063191,99615.60369351355,286.1227699493136
2024-06-07,161983.4172316789,99592.61023538788,238.22200007708108
2024-06-10,162743.4450575685,99825.08499885512,235.48964476759036
2024-06-11,162204.67727618857,99317.29963059847,226.29939261914228
2024-06-12,163074.32663900286,99376.7805356196,177.42221959012315
2024-06-13,162645.8302977289,98940.50159884196,266.5993123794048
2024-06-14,162152.93888587135,98592.63163986456,242.11698149824434
2024-06-17,163744.0386176446,98854.4658807573,273.356921858002
2024-06-18,164420.32496986372,99038.85243835722,271.4252083141417
2024-06-20,164951.6306301149,99565.54814734719,235.28201522671327
2024-06-21,164934.72359638836,99652.4461426095,223.11437881879328
2024-06-24,165397.40561678563,100103.3163694157,163.17415379274195
2024-06-25,165100.71451650863,99750.07623329652,138.22919293059465
2024-06-26,164374.42167685047,99249.80143987139,150.61854270842474
2024-06-27,164757.5874072861,99413.51914123872,131.97846780555162
2024-06-28,164821.05924071785,99614.83524854261,127.77396667775669
2024-07-01,164124.03109548546,99122.57013930575,105.51618511194954
2024-07-02,164843.66359959604,99565.16101834382,-3.6318533261675197
2024-07-03,164689.81575167348,99521.3377258477,-33.412534765811145
2024-07-05,164878.40882050834,99612.72399261234,11.841597841302633
2024-07-08,165024.91487362923,99697.31904143063,10.2577552520884
2024-07-09,164884.39284014158,99588.22427519495,74.96461999195374
2024-07-10,166027.14851936142,99746.03073569087,161.79187310314052
2024-07-11,166941.35562284925,100347.53646763077,18.45837641576773
2024-07-12,167995.70265323634,100900.92817567433,38.56818465365514
2024-07-15,168887.4034835326,101409.45982818415,29.670503748745066
2024-07-16,170612.9190979753,102365.40096849602,40.75910903108832
2024-07-17,169349.87059949953,102207.61961326163,128.70175213852275
2024-07-18,167578.7171407897,101603.57033916812,181.70670388170112
2024-07-19,166644.36028830198,101491.5174935639,206.99934633942516
2024-07-22,167492.2562664299,101359.3146331627,189.51486988331865
2024-07-23,167192.39189414715,101278.03571393732,192.64307866316886
2024-07-24,165008.91985445633,101450.71519927098,201.10042082150653
2024-07-25,164737.69472363754,101657.07261301213,218.6639220756003
2024-07-26,166719.37383413326,102037.13526823443,229.50682545035056
2024-07-29,166555.82960904206,101893.86986139313,222.80148945575758
2024-07-30,166751.77390387407,102354.56108094403,205.6428754990212
2024-07-31,167978.68852480935,102077.29143776161,191.2217594501646
2024-08-01,166087.96787560373,101819.00204191722,190.81021858472027
2024-08-02,162760.891244528,101110.12777637392,217.0755228632528
2024-08-05,158772.70746634153,100881.21138153829,237.255994639242
2024-08-06,160497.31240840658,101240.14667969079,246.54994034960953
2024-08-07,159262.3696208776,101030.33426311525,261.4937768028585
2024-08-08,162516.85837562394,101098.10177568703,265.094699455749
2024-08-09,162866.86412749157,100943.05408860535,258.702232833728
2024-08-12,162172.89825418635,100468.78483441602,256.38885926454856
2024-08-13,163795.36965262235,100106.11982527566,253.27504324871742
2024-08-14,164502.474839747,100264.72719332624,265.31495759148186
2024-08-15,166805.39646882215,100155.42007631485,268.8185445280255
2024-08-16,167428.24764267862,100338.7231432396,259.6805926233043
2024-08-19,168569.3838878018,100172.67458068127,270.18582894064696
2024-08-20,167661.68518428327,99780.88712083604,275.3307107638631
2024-08-21,168547.50893235323,100005.75993819392,268.349977264378
2024-08-22,167805.6077935832,100156.11998637408,229.81698653538407
2024-08-23,169802.4712565187,100507.14726206248,241.63650119673645
2024-08-26,169752.7531590922,100653.89659110832,225.37618413390885
2024-08-27,169997.84800733603,100686.12253250115,250.8548650904203
2024-08-28,169483.5570087579,100851.2864914207,247.01645839037747
2024-08-29,170212.59295859447,101277.63306030568,255.19410507823326
2024-08-30,171563.91222079514,101306.74864528666,246.99808655431048
2024-09-03,168866.89197877844,101463.71332433402,259.88336169302295
2024-09-04,168651.39430882226,101508.28410102944,259.7329521013471
2024-09-05,167470.38330575553,101004.28235627548,258.44231463116625
2024-09-06,165133.32600585098,101053.54435766087,265.515352147569
2024-09-09,167149.6161879191,101318.2906632196,265.29077828974806
2024-09-10,167519.30958216308,101171.42727160055,259.7832570844182
2024-09-11,168108.88449115292,100716.4770535535,239.87713491461366
2024-09-12,169392.7842933318,100808.12872899034,244.99250206702484
2024-09-13,170474.74354941587,101025.34079697405,248.88155098177555
2024-09-16,171627.76828845503,101587.20982970593,251.27149430566018
2024-09-17,171692.97930960407,101590.66155489247,261.4472725263099
2024-09-18,171276.13207888158,101599.86062883354,262.29156314398614
2024-09-19,173554.4492561037,101580.31271132291,243.36103952593794
2024-09-20,173783.11900600648,101832.92655276349,208.80202405080837
2024-09-23,174524.8646067908,102113.25605973866,187.53576034202376
2024-09-24,174496.24855996692,101914.73356861767,191.8025381486891
2024-09-25,173302.62905581074,101403.4751826893,253.7672521345416
2024-09-26,174446.69345512954,101736.81964890924,257.19979601054985
2024-09-27,174955.68095876378,102149.28652374788,242.1555057513385
2024-09-30,175266.13260201478,102010.785181985,240.85483434954688
2024-10-01,174395.87810249758,102180.09091945204,228.93835487093543
2024-10-02,174619.76250731575,102279.85338894778,225.77855642538492
2024-10-03,173924.28585823483,102013.24310259218,232.72157479664727
2024-10-04,175890.32333123352,102297.62966285288,290.36857247965355
2024-10-07,174258.97985952653,102236.22485117479,297.2291286266433
2024-10-08,175522.1895639752,102076.4344045773,287.995536664049
2024-10-09,176852.04755097957,102213.51289110607,278.36060575836245
2024-10-10,176307.18663840895,102059.13181014254,277.1910215712128
2024-10-11,178029.7036132432,102465.97092802114,299.45190105542787
2024-10-14,179255.00569817107,102368.26937904341,296.6920301554018
2024-10-15,178321.686190299,102628.86916416425,309.7559509128801
2024-10-16,179577.1270461274,102900.25959819525,314.81947135266904
2024-10-17,179512.34540647932,102854.39949121808,307.9756738870411
2024-10-18,179800.82405531112,102645.68148592608,293.47056316134797
2024-10-21,178520.78471924787,102083.033247694,307.90604912162036
2024-10-22,177933.92868661872,101806.45379927989,334.95516391402725
2024-10-23,177178.51311547618,102184.8678742166,269.6276070998171
2024-10-24,177110.4473986813,101958.81924974488,260.8530877014983
2024-10-25,176629.5779544835,101707.84645064935,226.14355010291575
2024-10-28,177521.51219087368,101992.33988434648,224.79678027711958
2024-10-29,177613.9563869753,101915.62104140375,242.37086426632695
2024-10-30,177269.5363759503,101903.67457019245,185.776794293906
2024-10-31,175770.98493843785,101905.60338032855,134.8469574985358
2024-11-01,176283.32281980582,102009.39609432487,139.99747722860806
2024-11-04,176003.2440837656,101947.9746768369,142.81174102636675
2024-11-05,177994.94044022445,102381.24600274934,182.055559323939
2024-11-06,182900.68332918713,103085.95969866237,259.7487995851134
2024-11-07,182724.1182755397,102354.19725897537,245.61766909797038
2024-11-08,183639.0515812487,102519.46373270522,242.6866036750957
2024-11-11,185013.98033176677,103211.49514720862,241.17162051147386
2024-11-12,183964.13121577023,102880.82630253492,247.4119114133492
2024-11-13,183968.13391898383,102843.37631451932,246.9092634157985
2024-11-14,182875.05034100916,102902.36147361502,315.20685384977617
2024-11-15,181361.8628818036,103285.7492977875,292.7974293753443
2024-11-18,182877.67965777623,103751.0540551035,295.1291683661786
2024-11-19,183055.14094498215,103493.11487286212,295.9753289750975
2024-11-20,183403.97489777024,103666.38436700146,214.01620494655737
2024-11-21,185568.29423630176,104325.18025472548,320.0650103435765
2024-11-22,187313.91136703835,104953.94955232827,346.23219139412464
2024-11-25,188380.19365408877,105170.72162204859,340.2522430302389
2024-11-26,188874.58554727785,104929.36572308993,299.0266681702816
2024-11-27,188353.64049641564,104946.4104658312,306.0049294273221
2024-11-29,188724.631884299,104620.17238309798,258.44018501347415
2024-12-02,188232.37284480617,104160.64917073856,313.2662969921186
2024-12-03,187951.98134873976,103956.89483656069,315.95941644646035
2024-12-04,188564.23017804575,103709.27717007347,284.46425147069044
2024-12-05,187967.7693707531,103556.99882245723,322.11045835920555
2024-12-06,187912.59955463576,103366.2797979317,254.85833363932213
2024-12-09,185740.76142591803,102733.5571626953,327.32290906058734
2024-12-10,184828.96253419548,102535.37901224983,296.6345559458384
2024-12-11,185576.2983179676,102214.9903330953,285.9184251283021
2024-12-12,184690.28056626537,102200.18823227638,277.16338124248296
2024-12-13,184248.342888428,101974.42654097272,284.95091477200026
2024-12-16,184058.37044270753,101482.07335516489,272.26710317039743
2024-12-17,182743.68651308745,101135.08699520779,275.86869435733
2024-12-18,177365.9370497208,100835.37656330608,271.14717687689836
2024-12-19,177010.50654718815,100660.85229508457,271.19455480346795
2024-12-20,179414.70614730136,100867.35022511306,293.10843325371667
2024-12-23,179791.55416387293,100513.02219651252,285.08414099072047
2024-12-24,181352.177479906,100335.74252354182,285.08337477192686
2024-12-26,181331.9829775927,100318.23106764966,287.8407347612294
2024-12-27,179883.45516817513,100497.15181009879,282.318679324415
2024-12-30,177981.56255948063,100489.09276734453,279.87468206851935
2024-12-31,177933.44663944503,100804.55330614885,286.2350767829141
2025-01-02,177673.6785538849,100888.97742568106,285.8721919669573
2025-01-03,179581.298365198,100895.98333726573,260.3680277088879
2025-01-06,179504.22045682982,100377.20167485518,248.1216328353911
2025-01-07,178590.126798368,100646.6422449277,209.9705669007968
2025-01-08,179222.74028062035,100898.02656818781,218.69283008704087
2025-01-10,176566.6570851532,100600.85244529026,237.9885567470726
2025-01-13,177397.59605217256,100949.07987541457,246.39162140204417
2025-01-14,178849.37866329885,101658.94184098757,258.68982938831476
2025-01-15,181091.3253579637,101582.77474201021,224.44352123097653
2025-01-16,182792.00281764517,102674.5131295894,219.1462302672354
2025-01-17,184116.32560180768,102716.51731284121,211.0318510878221
2025-01-21,185898.22523481565,103061.5527383657,214.07848529668996
2025-01-22,185852.0014526941,102634.69495165296,213.50961843565287
2025-01-23,187079.57435576187,102917.28406539373,217.80724216878357
2025-01-24,186937.9253750257,103053.77525842004,220.73828485248384
2025-01-27,186022.49609702016,103239.49323416738,147.8632901744128
2025-01-28,186047.21588146148,102876.76190455674,131.38520044414804
2025-01-29,185586.7956464269,102840.50965856382,146.87077648076985
2025-01-30,187058.83949756683,103413.54260506878,136.74708867985336
2025-01-31,186223.228954578,103251.38159775057,169.56433254962124
2025-02-03,185405.94685864632,103180.22694271842,171.53059449306647
2025-02-04,185859.10190841387,103120.0288329854,140.220600971643
2025-02-05,186886.81645707611,103473.67217006811,161.16275353138985
2025-02-06,186569.21500545097,103138.20048743825,137.39169783669266
2025-02-07,185405.10096444597,102945.46939159787,148.24578718352595
2025-02-10,186117.69272951383,102941.3211051144,177.02249551081687
2025-02-11,186009.39663501584,102827.997314496,210.95277674030515
2025-02-12,185475.83178803697,102764.60252665194,216.17449449502448
2025-02-13,186659.88836643653,102738.38066850645,193.66015750123114
2025-02-14,186653.7975229522,102738.15617609277,190.41188581018713
2025-02-18,187546.55033728812,103037.23461526411,196.71879549979553
2025-02-19,187804.36215146995,103017.16353275487,205.42487782967046
2025-02-20,186691.6947106226,102701.9106377879,211.84514500176522
2025-02-21,183344.00014491973,102382.7781217641,266.4527978095601
2025-02-24,183021.8303170879,102615.47559595454,273.03011442549774
2025-02-25,182747.4529373063,102913.72977934139,274.0657417474981
2025-02-26,182721.20440505535,102852.72169422163,275.0755596969695
2025-02-27,181175.49800477465,103247.97587500169,240.1006646251136
2025-02-28,183568.15379512063,103281.00769825501,256.63588339665364
2025-03-03,181524.4758444128,103559.38296681293,246.89975872609784
2025-03-04,178445.25750034628,102813.27808225676,256.54555022258666
2025-03-05,179952.6398271831,102771.64268575507,255.71914782622343
2025-03-06,177318.8891180133,102774.63603271503,257.3123920113437
2025-03-07,178392.22477353024,102937.99708583082,248.15390549991366
2025-03-10,174634.90174264347,102961.29001836447,250.47282377194804
2025-03-11,173260.1004468338,102834.53489404757,250.48096181647907
2025-03-12,173364.87258013786,102471.8991667507,242.93612106351995
2025-03-13,171078.9873426771,102231.68469086246,253.82397754607854
2025-03-14,174784.6886891137,102604.28495863652,272.4876215848076
2025-03-17,177020.16529547115,103175.20018663802,294.20893000762277
2025-03-18,175891.06101727075,103514.41963826297,282.06093929477703
2025-03-19,177935.31849525176,103685.94780126799,288.7955058627253
2025-03-20,177620.71282824414,103777.7174971986,289.9087894222033
2025-03-21,177151.85211469154,103472.48485657356,287.99329309206075
2025-03-24,179912.23119811862,103327.43349121143,298.08989479227523
2025-03-25,179781.2403536275,103016.71313352558,297.0748128726099
2025-03-26,178922.8515940404,103621.43501659403,281.4130091139136
2025-03-27,178234.32795644883,103461.27721606719,273.31265797498554
2025-03-28,175106.9615581576,103413.93378106652,268.20386984097814
2025-03-31,176255.1812652878,103531.015491296,255.3977947381036
2025-04-01,176749.49779990973,103579.06218016784,261.8594950260518
2025-04-02,178153.627183684,103865.4707140907,259.02996834852365
2025-04-03,169750.41745461427,103662.57205411715,291.0476287807016
2025-04-04,158545.01019011808,103047.98862631129,322.9795017564596
2025-04-07,158098.6511005879,102949.17528436695,327.6626000742048
2025-04-08,155985.4181799101,103274.80851967314,332.55041980192294
2025-04-09,168383.93567056628,102178.52460180201,264.0997224290489
2025-04-10,163190.3886197319,102781.66701965705,261.64663337765626
2025-04-11,165787.84681878675,102870.38820496941,262.7345786071371
2025-04-14,167538.310678259,103113.14081144614,263.40037944262133
2025-04-15,167386.89930587684,103263.82448236932,263.68771790899325
2025-04-16,165105.8058074683,103774.83995434594,263.26774423953657
2025-04-17,165970.04345922126,104195.91030989912,260.83536451074013
2025-04-21,162164.2618246966,103688.29279151963,240.1251133611238
2025-04-22,166360.84659651917,104308.05775360663,242.063606075019
2025-04-23,168291.7208155294,104291.68608999441,239.32251322034674
2025-04-24,171225.22164639315,104349.58181527039,251.8518727598449
2025-04-25,171481.34929836963,103872.23174753324,262.41663140536224
2025-04-28,171912.64846296117,104100.28093354306,262.39515445019333
2025-04-29,173017.08285335742,104221.80441148205,261.24831179066365
2025-04-30,173163.9568738995,104275.68290150451,261.93011084691386
2025-05-01,173327.0442580717,103706.45651191397,281.1359916231498
2025-05-02,175901.61525341027,103818.32263272148,288.86466278786344
2025-05-05,175319.3570781328,104000.9612318507,275.8536007227566
2025-05-06,174495.56482208282,104163.38800160024,234.5886807653162
2025-05-07,175013.67117064085,104141.56639129898,236.43222230180237
2025-05-08,176340.6794672655,104405.83140791155,226.61034686972656
2025-05-09,176082.20938517837,104356.86664816579,244.79225382105435
2025-05-12,180029.42112417094,104291.35356677421,215.97145918168698
2025-05-13,181067.27129608457,104412.47925749703,215.71721403039982
2025-05-14,180351.1925927145,103903.84203350273,220.79208803970852
2025-05-15,182055.8014074312,104521.40819911716,222.10057663631363
2025-05-16,184027.28459387724,105192.14142269564,216.3575843359527
2025-05-19,184334.56656597025,105288.15090241459,215.09877656791036
2025-05-20,183510.2031054652,105073.49791845855,224.69387328636034
2025-05-21,180316.08704340595,104682.92468631561,252.05027901120076
2025-05-22,179995.6759085038,104463.40451960333,251.06386086630116
2025-05-23,179387.50062397597,104676.59500585633,246.67823039598863
2025-05-27,182274.51353442395,104355.18139978648,285.05883987848074
2025-05-28,180824.8100835203,104093.6236528753,290.5249434284385
2025-05-29,181169.4863590055,103905.81237825815,289.45796716638563
2025-05-30,181698.5205993513,104314.71783014816,280.651417180204
2025-06-02,181961.72063290485,103969.94667966726,259.8465174349954
2025-06-03,182986.29894816063,104049.62972133902,262.6243267030776
2025-06-04,182386.7780123843,103732.52587592755,261.5054727066998
2025-06-05,181997.48006343137,103889.30407337398,232.19568233398587
2025-06-06,183748.74135902151,104062.72432654016,238.22639676435608
2025-06-09,183461.5568482605,103823.0298698204,252.08621672672854
2025-06-10,184041.39187810777,103658.5784448568,256.1270779734317
2025-06-11,183778.22222092503,103715.86525388385,213.07323107623537
2025-06-12,184501.67197096723,103830.67140860614,218.21860293312585
2025-06-13,182199.64719750095,103579.75579621579,275.43806937868794
2025-06-16,184017.52769173277,103656.4701505796,297.3035410216793
2025-06-17,182411.11487119665,103604.4794244384,294.8204047316904
2025-06-18,182700.82744615627,103783.9857058562,293.82902429067957
2025-06-20,182603.30271120396,103966.71978237153,300.1968797420718
2025-06-23,183900.4404628424,103747.91158499451,285.6605151472427
2025-06-24,186020.39525790449,103846.43260496804,293.5508954199338
2025-06-25,184894.71213494003,103160.83720151268,299.2917009347405
2025-06-26,186627.67859816476,103302.78352004901,311.75348574811346
2025-06-27,187357.3256192157,103184.41853303181,310.03259376422153
2025-06-30,188633.86516791853,103391.60807110184,306.8554135958234
2025-07-01,189303.81912520027,103790.67518670073,291.83830582948355
2025-07-02,189526.00369163472,103493.84933080645,271.7910305304591
2025-07-03,191093.3041411287,103575.19944239595,290.1570132057593
2025-07-07,189709.58011867804,103593.69548307538,304.3217969598841
2025-07-08,189665.1944168799,103628.44812315544,317.8602009522075
2025-07-09,190076.9422786659,103253.11473919221,294.2283126368604
2025-07-10,190638.67491390617,103299.2770322906,270.9174933349219
2025-07-11,189386.14764503797,102958.62922210044,282.7028539132393
2025-07-14,190173.85755493157,103201.76688290603,286.75395810156465
2025-07-15,187934.4167735222,102462.45601500344,326.0229534848198
2025-07-16,188723.15801392889,102505.59283000018,341.4612483179015
2025-07-17,190138.71710504213,102515.99389142657,366.0533537600584
2025-07-18,190287.7105132212,102686.19571824014,362.93651175757424
2025-07-21,190063.4012418397,102297.09365576097,416.1427664137721
2025-07-22,191378.74063770488,102985.69665890076,402.25898199505104
2025-07-23,192815.5953049441,102590.28591934987,405.51041708955347
2025-07-24,192457.42546667153,102353.98439856991,408.4772012778432
2025-07-25,193002.7536466228,102096.41777620089,383.6606683806604
2025-07-28,192039.68754923137,101621.18486669283,402.44662063662287
2025-07-29,191824.27702470485,101745.34973783643,268.29665555064344
2025-07-30,191362.34978662513,101617.05139546424,274.73984849726025
