Date,y_true,Linear Regression_pred,Random Forest_pred
2020-09-21,0.022081699252112452,,
2020-09-22,0.006267194460927605,,
2020-09-23,0.03796796984368589,,
2020-09-24,0.04185470899911925,,
2020-09-25,0.015545002084907944,,
2020-09-28,0.01666717298758691,,
2020-09-29,0.007702011570794642,,
2020-09-30,0.01752845636236211,,
2020-10-01,0.019997574713169097,,
2020-10-02,0.038970317097877016,,
2020-10-05,0.037290897517504806,,
2020-10-06,0.04538273907559076,,
2020-10-07,0.021040936018736023,,
2020-10-08,0.010820796242110742,,
2020-10-09,0.0012686989567491924,,
2020-10-12,-0.02956624466445612,,
2020-10-13,-0.019278568522955952,,
2020-10-14,-0.014945565105372483,,
2020-10-15,-0.00831660242976684,,
2020-10-16,-0.004347777861958058,,
2020-10-19,-0.007660642847236665,,
2020-10-20,-0.015027145774921813,,
2020-10-21,-0.04688807434488318,,
2020-10-22,-0.04245369794102971,,
2020-10-23,-0.055642390253131446,,
2020-10-26,-0.02707785995684331,,
2020-10-27,-0.006475143515923709,,
2020-10-28,0.051674088115202466,,
2020-10-29,0.06139747585197952,,
2020-10-30,0.07233419415001885,,
2020-11-02,0.07377334423988402,,
2020-11-03,0.053596745942385615,,
2020-11-04,0.03822005702767184,,
2020-11-05,0.008480082543372403,,
2020-11-06,0.022675336569692783,,
2020-11-09,0.022591525222578124,,
2020-11-10,0.018585446212069145,,
2020-11-11,-0.001093642085331692,,
2020-11-12,0.012938397600640306,,
2020-11-13,-0.00773550226888986,,
2020-11-16,-0.01409394565201827,,
2020-11-17,0.007209909694855909,,
2020-11-18,0.01790729992837603,,
2020-11-19,0.01646268175040988,,
2020-11-20,0.018940311953539624,,
2020-11-23,0.023946589599324275,,
2020-11-24,0.009828584411702312,,
2020-11-25,0.01111260334521269,,
2020-11-27,0.01699342603454057,,
2020-11-30,0.01941693562376945,,
2020-12-01,0.011338536074776417,,
2020-12-02,0.00016358303449903744,,
2020-12-03,0.00010887735958076128,,
2020-12-04,-0.0095988214962196,,
2020-12-07,-0.012002645241285359,,
2020-12-08,-0.0015672752366191478,,
2020-12-09,0.009050143792487475,,
2020-12-10,0.015024597106385151,,
2020-12-11,0.012158951325427658,,
2020-12-14,0.013075174329838957,,
2020-12-15,-0.002122569910948502,,
2020-12-16,-0.002791235005302317,,
2020-12-17,-0.0044786242575528545,,
2020-12-18,0.008099017874225956,,
2020-12-21,0.009786427890197347,,
2020-12-22,0.012934137821215774,,
2020-12-23,0.017166685503265278,,
2020-12-24,-0.0005688984169243128,,
2020-12-28,-0.0022571713205522537,,
2020-12-29,0.0056263680335137956,,
2020-12-30,0.019113669674801548,,
2020-12-31,0.01973918897336091,,
2021-01-04,0.026844496467922196,,
2021-01-05,0.02003607843974886,,
2021-01-06,0.01670495794456861,,
2021-01-07,-0.001688234551161849,,
2021-01-08,-0.01458325819859596,,
2021-01-11,-0.00010549479375898674,,
2021-01-12,0.013517560960371489,,
2021-01-13,0.011716743667057106,,
2021-01-14,0.011678815816483779,,
2021-01-15,0.0231300143806612,,
2021-01-19,0.013574551868094309,,
2021-01-20,-0.02469450250575045,,
2021-01-21,-0.017202677156374913,,
2021-01-22,-0.03345707580184132,,
2021-01-25,-0.021228363082047452,,
2021-01-26,-0.00583665628843133,,
2021-01-27,0.01987116559996327,,
2021-01-28,0.022667487055463065,,
2021-01-29,0.04766677256920948,,
2021-02-01,0.03795540887666671,,
2021-02-02,0.022801709478602827,,
2021-02-03,0.0215528509773113,,
2021-02-04,0.01170396419706421,,
2021-02-05,0.012715731035690014,,
2021-02-08,0.004583680512490584,,
2021-02-09,0.005483907322074488,,
2021-02-10,0.001640631119659064,,
2021-02-11,-0.0017401519513063901,,
2021-02-12,-0.014287752057969616,,
2021-02-16,-0.012235598028463412,,
2021-02-17,-0.001580273520858655,,
2021-02-18,-0.02147305462552751,,
2021-02-19,-0.024792802968048977,,
2021-02-22,0.006588454058666704,,
2021-02-23,-0.0024770801508947615,,
2021-02-24,-0.02641854816842526,,
2021-02-25,-0.01472541335571309,,
2021-02-26,0.008596865187473268,,
2021-03-01,-0.02017542103049841,,
2021-03-02,0.0016296704809484197,,
2021-03-03,0.02139374726911858,,
2021-03-04,0.044677440718910555,,
2021-03-05,0.027187549462643013,,
2021-03-08,0.038483600554539255,,
2021-03-09,0.022574164157726617,,
2021-03-10,0.01971358912229415,,
2021-03-11,-0.00520931249894685,,
2021-03-12,-0.008385261400947086,,
2021-03-15,-0.006393032027234735,,
2021-03-16,-0.012968554424749867,,
2021-03-17,-0.021323124797226423,,
2021-03-18,-0.001286189118790193,,
2021-03-19,0.0166891452965785,,
2021-03-22,0.008125669047860162,,
2021-03-23,0.013427426804427878,,
2021-03-24,0.022734402224914074,,
2021-03-25,0.027995799744592542,,
2021-03-26,0.026213034096491672,,
2021-03-29,0.02612559526869651,,
2021-03-30,0.03004592515703952,,
2021-03-31,0.030757243754898855,,
2021-04-01,0.027158407219855407,,
2021-04-05,0.012993425708029083,,
2021-04-06,0.01659618326158685,,
2021-04-07,0.011953174461825533,,
2021-04-08,0.01799153838558354,,
2021-04-09,0.014022188800626445,,
2021-04-12,0.008672885373702144,,
2021-04-13,-0.0016712371423979189,,
2021-04-14,0.011228400796054139,,
2021-04-15,-0.008656345596275372,,
2021-04-16,-0.0012461119180572355,,
2021-04-19,0.005779860584175678,,
2021-04-20,0.012979822912015715,,
2021-04-21,0.0031968439138407856,,
2021-04-22,0.018895360945380357,,
2021-04-23,0.0013436828712503068,,
2021-04-26,0.0014130371197473846,,
2021-04-27,-0.0045504276924011045,,
2021-04-28,-0.003953183710877384,,
2021-04-29,-0.0023567516519050757,,
2021-04-30,0.011550275305475033,,
2021-05-03,-0.0006217329483056977,,
2021-05-04,-0.00339262052027145,,
2021-05-05,-0.024870764962784397,,
2021-05-06,-0.020975120153167603,,
2021-05-07,-0.01312404070566453,,
2021-05-10,-0.005790326189202277,,
2021-05-11,-0.0054802280480732435,,
2021-05-12,0.013443205571292971,,
2021-05-13,0.012186661559935308,,
2021-05-14,-0.003937010629850968,,
2021-05-17,0.008784340034904359,,
2021-05-18,0.015293378042184225,,
2021-05-19,0.01998261010276381,,
2021-05-20,0.009656289972689303,,
2021-05-21,0.012291155725947078,,
2021-05-24,0.0011929743903165146,,
2021-05-25,0.004997170514005944,,
2021-05-26,-0.0007160791704305947,,
2021-05-27,0.007894375081957783,,
2021-05-28,0.005118532778803697,,
2021-06-01,0.0062188654307220315,,
2021-06-02,0.0031403942215697533,,
2021-06-03,0.01155770084507135,,
2021-06-04,0.0040461463857812685,,
2021-06-07,0.0072715649754193645,,
2021-06-08,0.005209846673127405,,
2021-06-09,0.0010909060452271024,,
2021-06-10,-0.003871445107502036,,
2021-06-11,-0.018930593575925525,,
2021-06-14,-0.0071089027336594945,,
2021-06-15,3.358445601464588e-05,,
2021-06-16,0.004436239988026003,,
2021-06-17,0.010713515971378262,,
2021-06-18,0.0281739745242382,,
2021-06-21,0.015705875031633454,,
2021-06-22,0.010848101919905373,,
2021-06-23,0.012919967727208936,,
2021-06-24,0.012538136159764735,,
2021-06-25,0.01666631718704692,,
2021-06-28,0.012772852179833372,,
2021-06-29,0.015805654360191435,,
2021-06-30,0.006681244292726651,,
2021-07-01,0.011825421858461027,,
2021-07-02,0.007746971191444185,,
2021-07-06,0.0061441984475842926,,
2021-07-07,0.004096944696263982,,
2021-07-08,0.008888172106187975,,
2021-07-09,-0.009597718170033631,,
2021-07-12,-0.027706664351565324,,
2021-07-13,-0.010399620111972041,,
2021-07-14,-0.003873910828095295,,
2021-07-15,0.0016331683674317699,,
2021-07-16,0.019938033552443724,,
2021-07-19,0.0377672608659374,,
2021-07-20,0.018442958086406502,,
2021-07-21,0.009849150374223958,,
2021-07-22,0.011918426966392115,,
2021-07-23,-0.003250485745055376,,
2021-07-26,-0.007777421247852412,,
2021-07-27,0.004874471902786004,,
2021-07-28,0.00034190643229314865,,
2021-07-29,0.0025188950105212715,,
2021-07-30,0.009075968475703577,,
2021-08-02,0.010375188697660409,,
2021-08-03,0.0034682854438889965,,
2021-08-04,0.01093447078784271,,
2021-08-05,0.007583241819977937,,
2021-08-06,0.007751802768167337,,
2021-08-09,0.010946920172087538,,
2021-08-10,0.0030723540659176596,,
2021-08-11,-0.010365823440943944,,
2021-08-12,-0.01179484109925466,,
2021-08-13,-0.005740995168111662,,
2021-08-16,0.0006489616649485441,,
2021-08-17,0.008850427041177555,,
2021-08-18,0.02215517979244308,,
2021-08-19,0.014550152576204178,,
2021-08-20,0.015540338705815726,,
2021-08-23,0.011111983180973395,,
2021-08-24,0.008013747863701015,,
2021-08-25,0.006437759286548106,,
2021-08-26,0.015529157614245115,,
2021-08-27,0.006285406605888388,,
2021-08-30,-0.0017027947900549734,,
2021-08-31,-0.001439421570941235,,
2021-09-01,-0.006241470327694509,,
2021-09-02,-0.01710111687467497,,
2021-09-03,-0.014346209121475884,,
2021-09-07,-0.016147381571037345,,
2021-09-08,-0.006719606765887676,,
2021-09-09,-0.004031485999884676,,
2021-09-10,-0.005895008799267187,,
2021-09-13,-0.02496634666317632,,
2021-09-14,-0.020602128709955814,,
2021-09-15,-0.019240162235241054,,
2021-09-16,-0.0057477685221060115,,
2021-09-17,0.0056863816588865745,,
2021-09-20,0.019813771874551245,,
2021-09-21,0.00020763874510776326,,
2021-09-22,-0.007787654574764602,,
2021-09-23,-0.03168006048008243,,
2021-09-24,-0.02178376942932103,,
2021-09-27,-0.031628311666815234,,
2021-09-28,-0.001429567259948361,,
2021-09-29,0.0010356412640024626,,
2021-09-30,0.022183953950451807,,
2021-10-01,0.008336435137984433,,
2021-10-04,0.01411422777965532,,
2021-10-05,0.0012005309629139482,,
2021-10-06,0.0006438211562829199,,
2021-10-07,0.008753800516292598,,
2021-10-08,0.0182936032600709,,
2021-10-11,0.028756232301729412,,
2021-10-12,0.03925116473780377,,
2021-10-13,0.03959282653807206,,
2021-10-14,0.025062030533419266,,
2021-10-15,0.016260213081740638,,
2021-10-18,0.01869448232065296,,
2021-10-19,0.01180533926902938,,
2021-10-20,0.0033819075028480583,,
2021-10-21,0.010427976693895058,,
2021-10-22,0.013528458491312456,,
2021-10-25,0.009856237295908565,,
2021-10-26,0.013027508401120436,,
2021-10-27,0.02374758818820677,,
2021-10-28,0.01874234459676294,,
2021-10-29,0.020206803644623905,,
2021-11-01,0.01932429146468828,,
2021-11-02,0.011864066348561408,,
2021-11-03,-0.0023671566419306567,,
2021-11-04,-0.006725091950083639,,
2021-11-05,-0.0026891041983045927,,
2021-11-08,-0.0031985804711676113,,
2021-11-09,0.004065241677422726,,
2021-11-10,0.009749527396426094,,
2021-11-11,0.01285129779741423,,
2021-11-12,0.0034670472064317615,,
2021-11-15,0.0002994388689143701,,
2021-11-16,-0.0023227524997834204,,
2021-11-17,0.0027770236687545413,,
2021-11-18,-0.022906755373171772,,
2021-11-19,-0.009149415811561368,,
2021-11-22,-0.025686064308724665,,
2021-11-23,-0.03778397593746252,,
2021-11-24,-0.02564765263613289,,
2021-11-26,-0.01209228482097302,,
2021-11-29,-0.012505318695986367,,
2021-11-30,0.027921625268385375,,
2021-12-01,0.04222009568283913,,
2021-12-02,0.01956701127425986,,
2021-12-03,0.03819853608853152,,
2021-12-06,0.016957717444347598,,
2021-12-07,-0.010506297048270441,,
2021-12-08,0.0023001051735225264,,
2021-12-09,0.00021467610035830198,,
2021-12-10,-0.01965915389226036,,
2021-12-13,-0.02141498234621786,,
2021-12-14,0.00286347265028275,,
2021-12-15,-0.0026923241093351757,,
2021-12-16,0.01244129506514513,,
2021-12-17,0.03781503314108092,,
2021-12-20,0.048111897617735266,,
2021-12-21,0.03114058489209559,,
2021-12-22,0.018110430807849465,,
2021-12-23,0.009264756625040338,,
2021-12-27,0.000942872277437834,,
2021-12-28,0.001426026370354938,,
2021-12-29,-0.019058366987909303,,
2021-12-30,-0.017263002393211546,,
2021-12-31,-0.018675162902567544,,
2022-01-03,-0.025538459616930465,-0.004074000001080151,-0.004586601616702327
2022-01-04,-0.016333396766826436,-0.013358065299844719,0.0014745480259511722
2022-01-05,0.005636348058481344,-0.012634156477794277,0.007168603019518557
2022-01-06,-0.0072873820060948,-0.0044675865046406825,0.012588413969423659
2022-01-07,-0.002939351814699398,-0.0058265335877602,0.008057754240470427
2022-01-10,-0.019376634763799805,-0.006827855875799649,0.008195544738021414
2022-01-11,-0.038318191117787004,-0.003673980399688119,0.004804403616709363
2022-01-12,-0.05152628631834899,-0.0072054006330287464,0.006872675465356867
2022-01-13,-0.05715442098260204,-0.009583021480848377,0.006722356509707646
2022-01-14,-0.05353762739157086,-0.004407541520932961,0.011653428037320984
2022-01-18,-0.0482376332581097,-0.006232951689104406,0.0074916868644403466
2022-01-19,-0.04066406853854687,0.003128288073271774,0.008924047151655585
2022-01-20,-0.03471757691409594,0.008671010176856144,0.00577050675195293
2022-01-21,0.009064233834645163,0.016756586702802986,0.005899770028936248
2022-01-24,0.022894775707120063,0.024006293317364882,0.011158641046477574
2022-01-25,0.04253470645573376,0.03335037219868242,0.010788994316813363
2022-01-26,0.05530959449944017,0.03643055861645512,0.02193891199668863
2022-01-27,0.03561840704646846,0.042325984447962005,0.021009253503638484
2022-01-28,0.01527320389678577,0.04365846478597564,0.02072889477725788
2022-01-31,-0.005890193788459341,0.029001937310041213,0.013779525575882624
2022-02-01,-0.004437783182046795,0.029647850599440598,0.011870265327505165
2022-02-02,0.00041536680423859274,0.024323929599272313,0.012856359296789988
2022-02-03,0.006090362415027473,0.013334176970623429,0.011553896098928153
2022-02-04,-0.018364163803957223,0.014546245783332693,0.02048746189568584
2022-02-07,-0.018423217313277118,0.009746770496672604,0.015542159650650898
2022-02-08,-0.010733098055970447,0.006605986806175142,0.02391423276617201
2022-02-09,-0.023910482921083664,0.0013944728680737213,0.015256588377598048
2022-02-10,-0.02728559555894783,-0.0017060733034923291,0.013545446036637387
2022-02-11,-0.014144309066247751,0.002184029164415933,0.024015637778180422
2022-02-14,-0.02152527758023004,0.00211429879390429,0.030337335900234557
2022-02-15,-0.054135703186644624,-0.00145751868256405,0.02182718078291411
2022-02-16,-0.04097632838582521,-0.0050007906480357914,0.01821837918665467
2022-02-17,0.001578522870452792,-0.002086356958822857,0.019270229198302367
2022-02-18,0.005526966270553713,0.0004353221497122514,0.030532213641823774
2022-02-22,0.0009544277014481573,-0.004053174121790606,0.02175840156722862
2022-02-23,0.037776968036972614,-0.001410838708426513,0.02287742195249599
2022-02-24,0.01730089267411339,0.006626595635326981,0.030411031320281355
2022-02-25,-0.012746853169400829,0.004974931365162291,0.018144436494498588
2022-02-28,-0.039392621866623734,-0.00171982706737267,0.016099254518904267
2022-03-01,-0.03193161291824298,0.0035507130242354128,0.019746630610780868
2022-03-02,-0.02393302231976424,0.008234581429906265,0.025803215335538567
2022-03-03,-0.023478876807568883,0.00011742779958996176,0.015517829505695063
2022-03-04,-0.027998141077823058,0.0005251655343224432,0.023402362761502114
2022-03-07,-0.005793500642324423,0.007011520922663137,0.030443333796830556
2022-03-08,0.023831694710535256,0.012344500517965654,0.03290108534080425
2022-03-09,0.019208588212972444,0.007943568632740056,0.023119694718111403
2022-03-10,0.036640786394759095,0.0013838057248443114,0.021922809498626197
2022-03-11,0.06149197682221086,0.005710477373469667,0.025054093667788224
2022-03-14,0.06899424266532539,0.001503210106945218,0.027848868429880404
2022-03-15,0.058231968012717905,0.0014412888101585416,0.017408138101872982
2022-03-16,0.021942846286451934,-0.005758033870211195,0.01177353389576253
2022-03-17,0.02453030837033876,-0.008444374121783295,0.006942058935083548
2022-03-18,0.018379153702981155,-0.008957406840070395,0.009507972691108832
2022-03-21,0.025923153805728072,-0.014192387873612202,0.002738572920337552
2022-03-22,0.02660192384785498,-0.014693409787454412,0.0062532468104228075
2022-03-23,0.03357371397055631,-0.018964828374066968,0.0033410218280532857
2022-03-24,0.0025527697349310152,-0.017643775722250708,-0.0007120876717605651
2022-03-25,0.0005082706118921809,-0.023285360215151648,-0.0019461130624021205
2022-03-28,0.0019519464015775867,-0.020858177170275508,-0.0034767668441352674
2022-03-29,-0.022792713482014948,-0.01999021981393644,-0.0008957600439882974
2022-03-30,-0.026553317667543985,-0.023384006718241424,-0.006443997018404546
2022-03-31,-0.006354663838375019,-0.01969718898572257,-0.008008128669111981
2022-04-01,-0.011812365141946946,-0.01475809501664652,-0.00540262676466372
2022-04-04,-0.036952494989802465,-0.0169692540799972,-0.010352587032914074
2022-04-05,-0.028246439274367097,-0.022463839674930083,-0.004776634627957502
2022-04-06,-0.0071889041443876645,-0.014678630746773644,-0.0053579038391618275
2022-04-07,-0.024466791978431823,-0.016059094162666362,-0.003432976668457871
2022-04-08,-0.021449025099850028,-0.019485888390066528,-0.0029023915756351093
2022-04-11,0.011638405166886745,-0.015937103300857906,-0.0015655096880558706
2022-04-12,0.014647860563942405,-0.008963861366872864,0.010424235745804263
2022-04-13,-0.011842572159812992,-0.017583916433745527,0.004068022306136057
2022-04-14,-0.026839461481030114,-0.019468806147323565,0.001975807493488928
2022-04-18,-0.0215997230048367,-0.00908940102880858,0.01224171580328059
2022-04-19,-0.06502782139466545,-0.011415102116997295,0.010431211472675242
2022-04-20,-0.061703149390909484,-0.016211238458566996,0.008291592836010374
2022-04-21,-0.02339863871305481,-0.013007765295217154,0.010405910529170425
2022-04-22,-0.03295443260706499,-0.006204056095833866,0.0147000301127375
2022-04-25,-0.032741266500524,0.01036887712250821,0.014159918184598068
2022-04-26,0.0006728580365611414,0.008728329579363057,0.011460286903795651
2022-04-27,0.028255217464111082,0.032898094672134504,0.0199119071098804
2022-04-28,-0.032724869295023606,0.03973139476625105,0.01432799414155988
2022-04-29,-0.0016021327203299407,0.029190260978504308,0.010497029610384224
2022-05-02,-0.039350584160082636,0.0427951838548164,0.01910258470367854
2022-05-03,-0.04152471330598906,0.04117835207279064,0.01699547225698036
2022-05-04,-0.08462705987943886,0.03244990038165358,0.012287984323903902
2022-05-05,-0.05188380261281833,0.0252893710148765,0.00852162815846796
2022-05-06,-0.023386878653507415,0.04593461455601208,0.030390425668750155
2022-05-09,0.004821950145446285,0.035946580558037365,0.016166779586203918
2022-05-10,0.023127714298031288,0.04747898185141101,0.02491794753397548
2022-05-11,-0.002266092936110131,0.04376335204301603,0.0254381854914018
2022-05-12,-0.007340566879656341,0.05777439719300031,0.04049276919972449
2022-05-13,-0.03009570935815109,0.047745415544256764,0.020552871196408286
2022-05-16,-0.007923096899316806,0.03575565513893128,0.018956169930276625
2022-05-17,-0.03533981695711608,0.03629781306308314,0.01950226384596291
2022-05-18,0.014061349833437431,0.027340568675500103,0.015159068756593397
2022-05-19,0.04069749491978225,0.038052846719234056,0.033114509693569966
2022-05-20,0.06578051019342857,0.02879465692506035,0.015641938440378405
2022-05-23,0.04033551374242661,0.02621893378214711,0.01512686946432754
2022-05-24,0.039858759442734426,0.021513066690563507,0.014193922250941245
2022-05-25,0.05038128634376271,0.03431459996125539,0.02229156938703638
2022-05-26,0.012903642195503329,0.028082753458223746,0.013487658382452656
2022-05-27,-0.008356389367653372,0.025610828338306572,0.014701660302586583
2022-05-31,0.006805017544585068,0.019654002578312724,0.0003962915808989609
2022-06-01,0.003979594768555694,0.024381618351359914,0.004104922162700964
2022-06-02,-0.038213763271051415,0.020284851437595126,0.008356489318669107
2022-06-03,-0.050519033837197136,0.011909749930244004,-0.0013517115956919556
2022-06-06,-0.0893417366098408,0.016914053641319142,0.016848994321280047
2022-06-07,-0.10071197034614543,0.0073353996257431164,0.005125094525403968
2022-06-08,-0.07786580651041419,0.00038796912795201373,0.006617959736036271
2022-06-09,-0.08666317274601687,0.0004972924148364775,0.009615037726080293
2022-06-10,-0.057361401143729895,0.004278938678436046,0.01355953343608319
2022-06-13,0.004507591776156339,0.004144532806590414,0.016902543736831338
2022-06-14,0.0057166538150157375,0.014901942708591468,0.023864600176605247
2022-06-15,0.0013001592709864784,0.013512661260019376,0.016019065437661864
2022-06-16,0.0684988569888525,0.01223776018191012,0.006226004421466297
2022-06-17,0.0621274929177853,0.025725772999761837,0.025011367670710216
2022-06-21,0.014877033833173625,0.017412503329554973,0.011149486857594355
2022-06-22,0.015892496125383904,0.009603010261679566,0.0020412450676482994
2022-06-23,-0.0021422203543359775,0.01493228877528158,0.00764421363166805
2022-06-24,-0.022661985135207008,0.01258690431366917,0.005389461079441565
2022-06-27,-0.01706167980099471,0.006148424942458486,-0.0024016790025881817
2022-06-28,0.006830376882820621,0.008136338113923187,0.00945954346961113
2022-06-29,0.022742695944227398,0.010827421116015881,0.014516316111131774
2022-06-30,0.030271460596771105,0.005749911869209295,0.009772838348645296
2022-07-01,0.007842852629155184,0.010386427269221486,0.010095322122098935
2022-07-05,-0.0029584819667148876,0.00517632968429192,0.006690049258994196
2022-07-06,-0.011532966572816439,0.003994400124726877,0.0019166529182227255
2022-07-07,-0.02848386754295984,0.0034849599176894723,0.003052002116774225
2022-07-08,-0.009107920273685788,-0.0040302132206410084,-0.004117141795280443
2022-07-11,-0.005933883982474519,-0.005693758884453737,-0.0016013411860066008
2022-07-12,0.030039572949928095,-0.0020791828544698965,0.004315594884557018
2022-07-13,0.042076998639784424,-0.009712515092623731,0.003951821413037999
2022-07-14,0.0552511031945353,-0.008103644286053422,0.009172055160139105
2022-07-15,0.02586150875625881,-0.011484786190927711,0.0016369142453590045
2022-07-18,0.035659103690541816,-0.009139223880445744,0.006444438548860132
2022-07-19,-0.003517927598989834,-0.004488217228676929,0.009528970701341738
2022-07-20,0.01588266157766771,-0.014752675168486712,-0.005830986191542067
2022-07-21,0.01825524818523827,-0.012584358111276662,-0.0016775419988474538
2022-07-22,0.042774943816647815,-0.01366533860245064,0.0006225861321769177
2022-07-25,0.038425482829983704,-0.008286863110842778,0.004278656866065926
2022-07-26,0.04392556937731995,-0.010193841632483436,0.0030156085355729956
2022-07-27,0.033438063571455734,-0.008803284923775282,0.0038803391700489797
2022-07-28,0.019947436133380902,-0.015186901501429038,-0.0034975351262503994
2022-07-29,0.0035923766584629035,-0.00915301810440014,-9.613784042713514e-06
2022-08-01,0.005404452580579644,-0.015824753354868673,-7.51647375423814e-05
2022-08-02,0.008062430678920984,-0.0119016434055838,-0.0017060709116930783
2022-08-03,0.013367192051473076,-0.015130304757742609,-0.0014594291681995564
2022-08-04,0.014052235775514177,-0.02609789411617725,-0.006967701731822723
2022-08-05,0.032964892756553565,-0.02151797342939466,-0.006405941040983989
2022-08-08,0.038427027382936574,-0.02545023919190402,-0.004770695954146231
2022-08-09,0.04460924788885312,-0.02918981429725276,-0.006028676203127386
2022-08-10,0.01585727407091797,-0.03075318261499872,-0.005884280789908786
2022-08-11,0.01880995766880078,-0.03613110567126034,-0.0018841322797695614
2022-08-12,-0.011613151606607364,-0.032438877394642726,-0.004482323243847421
2022-08-15,-0.03616559998812052,-0.036894974700722206,-0.0011912139197206228
2022-08-16,-0.04037700828352342,-0.0348917806710435,-0.00777080530222869
2022-08-17,-0.030423026222549332,-0.03555973867349428,-0.006198121101085975
2022-08-18,-0.01958463147315259,-0.03465288812949444,-0.006825592669432476
2022-08-19,-0.039868283415133265,-0.03430606639661593,-0.006549241058621568
2022-08-22,-0.025934522204675847,-0.029969955218217152,-0.0020991379106679443
2022-08-23,-0.03429133145355301,-0.025015883140808506,-0.0017093479099546183
2022-08-24,-0.044697441390553205,-0.0252823780439135,-0.005602008831613053
2022-08-25,-0.05504025136171209,-0.025009085136464736,-0.004736575428234797
2022-08-26,-0.032246995050671745,-0.026275798885401717,-0.0005559746766333695
2022-08-29,-0.029481137391239143,-0.010887680473520083,0.01308685106279559
2022-08-30,-0.0010798800161746502,-0.014312502921254255,0.006909898458459795
2022-08-31,0.013158475722069296,-0.010746996833333,0.004395285062602199
2022-09-01,0.025679759642821764,-0.006136490795904328,0.002603109883631495
2022-09-02,0.047751322235903615,-0.005995817139252403,0.0033017108627438362
2022-09-06,0.005988324523203081,-0.004690413844946799,0.0076318699270564875
2022-09-07,-0.007994227583014935,-0.002281846959052639,0.011809166735923282
2022-09-08,-0.025625552322825706,-0.004513245297995159,0.011085059235411312
2022-09-09,-0.04785115924154659,-0.0009077986445809542,0.011457767076675795
2022-09-12,-0.05066998255332056,-0.005091730370603999,0.009143692467857291
2022-09-13,-0.018906672014888604,-0.00749391594687503,0.00029705093367350275
2022-09-14,-0.03968522944978825,0.007391436405459421,0.022308716040765172
2022-09-15,-0.03681626791102932,-0.003026458098660959,0.01103028313015056
2022-09-16,-0.04567364810576191,0.002401390046511579,0.015686769106790555
2022-09-19,-0.06238589824063445,0.0008987998993369752,0.006733508484822983
2022-09-20,-0.053919696819459295,-0.0075477693897618514,0.007267937217361836
2022-09-21,-0.01817737082614579,-0.004976278684000817,0.01420494411576472
2022-09-22,-0.030543577396832444,0.003777504075032025,0.015580067873221505
2022-09-23,-0.02927022865763662,0.002802680392058889,0.014795615055551764
2022-09-26,0.006313254736159735,0.00878375040930537,0.021396560243517642
2022-09-27,0.04015109117769988,0.013634633216590537,0.016508874055924858
2022-09-28,0.017704286399563784,0.015360354709689297,0.016553902196302137
2022-09-29,0.028694448358436597,0.0180069881886886,0.015277326129320121
2022-09-30,0.01570626894166738,0.02756527349834119,0.03710733549367666
2022-10-03,-0.01797550674696724,0.022864655412755105,0.021892956615859674
2022-10-04,-0.05352301601777443,0.012209035281267284,0.024968022479365703
2022-10-05,-0.05444321395471219,0.013915678337557542,0.014874603436610092
2022-10-06,-0.01937314640946719,0.015727353244052236,0.022775125509169825
2022-10-07,-0.014222971921699523,0.013608268852495914,0.022681429806154417
2022-10-10,0.018887905798291804,0.013287365602883655,0.0316297508764772
2022-10-11,0.0374293979374154,0.006793526244757257,0.01962020313174503
2022-10-12,0.03348664209172991,0.009891735580064665,0.022098333047341445
2022-10-13,-0.001530234345945236,0.009698966828245247,0.022544631446536643
2022-10-14,0.04658450880005072,0.002441529371927452,0.015077281332667076
2022-10-17,0.03284990794483966,0.011131319570013412,0.01635468315394504
2022-10-18,0.03715704296704714,0.00018592572326151142,0.013499353837297102
2022-10-19,0.03668921618598309,-0.0002979741500192621,0.014694365415394523
2022-10-20,0.03987310310737002,-0.0014593047587436268,0.015240436305898135
2022-10-21,0.03935419940174967,-0.0038672273830854427,0.018613564482155346
2022-10-24,0.01937340432272383,-0.006589223858864353,0.01149121553001267
2022-10-25,-0.0010394372391057116,-0.006736690389115448,0.011056499166412145
2022-10-26,-0.018716268141885428,-0.009773075575034693,0.009999007420411493
2022-10-27,-0.023606394516811013,-0.005512720877336123,0.01786237838628248
2022-10-28,-0.03256891514199167,-0.003090617076305858,0.0056637133409262255
2022-10-31,-0.016208750537914596,-0.018442177004527067,-0.009540176844932684
2022-11-01,-0.00655352828814082,-0.0008584820822046101,-0.004113917275324984
2022-11-02,-0.001973966816378514,0.004181702781315997,-0.0024586588757662597
2022-11-03,0.06382574456060741,0.01194625765418825,0.006901987651624625
2022-11-04,0.05888147542413269,0.018251259999532587,0.015868854640584826
2022-11-07,0.039926316841088605,0.01834734067285352,0.007315541152018285
2022-11-08,0.043167580591282784,0.021426368051791427,0.008065028312655135
2022-11-09,0.05698540240458616,0.024646017441362925,0.010403242293701065
2022-11-10,-0.0011403305584727352,0.03064776620558632,0.013141777794115477
2022-11-11,-0.006223196849680646,0.01238877202199266,0.0009670976105289309
2022-11-14,-0.001341417795302724,0.02048041969396432,0.0024454199196398507
2022-11-15,0.0035385336977176163,0.021341735589562677,0.009852131333562084
2022-11-16,0.017625640970124756,0.012432230246528824,0.002785965975267193
2022-11-17,0.02052050651059445,0.011732111237663649,0.010667211127880223
2022-11-18,-0.0003029951923535501,0.004993555933762113,0.008936280840646106
2022-11-21,0.0016219252273343976,0.0035603172306316964,0.006077797353138783
2022-11-22,0.01945468795992733,0.004681426490601555,0.008994465801522173
2022-11-23,0.012325462112237728,-0.003127993603963923,0.0021716162533270775
2022-11-25,0.011383734286369407,-0.0011768970066721313,0.0015445394194093054
2022-11-28,0.00929493579545082,0.0035319747196815715,0.003376496197383223
2022-11-29,-0.0035422864303927826,0.005536954664826704,0.014353489878366528
2022-11-30,-0.03561621885458377,0.00531776863401843,0.01601074465350419
2022-12-01,-0.027345597831015533,-0.004152738756839473,0.006749957252844921
2022-12-02,-0.033496231454778314,0.0026044050649143557,0.00955331616794496
2022-12-05,-0.001601471766838447,0.0019176046035796913,0.006599896084164285
2022-12-06,0.02066892820592514,-0.0004521586679638867,0.010070089022460284
2022-12-07,0.015871249095227302,0.003926713069403081,0.014011863316992772
2022-12-08,-0.016681675014893593,0.004487926682073718,0.01648444966611408
2022-12-09,-0.020977546473221476,0.003167770112047774,0.011996192143338927
2022-12-12,-0.04307556422207326,0.008693092506069217,0.017855062004210595
2022-12-13,-0.04896527388096672,0.010562058299278185,0.018244991176422396
2022-12-14,-0.028533655960865434,0.008333403661445915,0.013712714376347601
2022-12-15,-0.018380987897118395,0.010026502154756891,0.017365541163382493
2022-12-16,-0.0009393197776434992,0.015780923423750325,0.027414796466705357
2022-12-19,0.0036314229474732063,0.009185470614915925,0.023272114074788304
2022-12-20,-0.010196195343766812,,
2022-12-21,-0.007223794100741143,,
2022-12-22,0.004491508237057351,,
2022-12-23,-0.0054581232543798874,,
2022-12-27,0.006187779458350029,,
2022-12-28,0.007221453118715804,,
2022-12-29,0.012101110136945703,,
2022-12-30,0.01419882900374203,,
2023-01-03,0.02562890666736517,,
2023-01-04,0.03064416746200571,,
2023-01-05,0.04633877082492277,,
2023-01-06,0.026850100340454874,,
2023-01-09,0.025550299397542497,,
2023-01-10,0.0023297666871247014,,
2023-01-11,-0.017394716723814208,,
2023-01-12,-0.0027206170495924775,,
2023-01-13,0.005345033361604301,,
2023-01-17,0.006109220802347881,,
2023-01-18,0.022631686441299204,,
2023-01-19,0.04145197575741033,,
2023-01-20,0.024754882749660423,,
2023-01-23,-9.99076563302781e-05,,
2023-01-24,0.01569217908773224,,
2023-01-25,0.026102017598409022,,
2023-01-26,0.02972211247365708,,
2023-01-27,0.016441638071228004,,
2023-01-30,0.023066002692417875,,
2023-01-31,0.02142774049265639,,
2023-02-01,-0.0003650712211613616,,
2023-02-02,-0.023249719654311773,,
2023-02-03,-0.01045219081707327,,
2023-02-06,0.007320015065658048,,
2023-02-07,-0.00614165376463971,,
2023-02-08,0.008109139814536759,,
2023-02-09,0.0029231485950151903,,
2023-02-10,-0.0019117367422774034,,
2023-02-13,-0.0332823910800617,,
2023-02-14,-0.034170247359451844,,
2023-02-15,-0.032175566224039276,,
2023-02-16,-0.02914651896781728,,
2023-02-17,-0.023400229147137686,,
2023-02-21,-0.007091076097611171,,
2023-02-22,-0.009534901201226575,,
2023-02-23,-0.007113239373591207,,
2023-02-24,0.019703302112441312,,
2023-02-27,0.016946154120882406,,
2023-02-28,0.005072299425146198,,
2023-03-01,0.01058925586367443,,
2023-03-02,-0.01571099563384193,,
2023-03-03,-0.04522629116531618,,
2023-03-06,-0.04724705891167269,,
2023-03-07,-0.016420840052136176,,
2023-03-08,-0.024165289026004122,,
2023-03-09,0.011620000922254237,,
2023-03-10,0.014429385903887537,,
2023-03-13,0.025645612806382667,,
2023-03-14,0.02221531189850845,,
2023-03-15,0.011114032110195238,,
2023-03-16,-0.0036338926473202804,,
2023-03-17,0.014769464184404058,,
2023-03-20,0.006984075464561368,,
2023-03-21,-0.008297530535153586,,
2023-03-22,0.02356499020227254,,
2023-03-23,0.02678236864055905,,
2023-03-24,0.034466266591614225,,
2023-03-27,0.03647006813813913,,
2023-03-28,0.0330384970735369,,
2023-03-29,0.01557236884115909,,
2023-03-30,0.013599230708412735,,
2023-03-31,0.0005373796474295034,,
2023-04-03,-0.002992959241868376,,
2023-04-04,-0.0015171785050501763,,
2023-04-05,0.014401465351356224,,
2023-04-06,0.007991319643640526,,
2023-04-10,0.01057092791380132,,
2023-04-11,0.010958519095227715,,
2023-04-12,0.014924572582075246,,
2023-04-13,-0.0038455410228181997,,
2023-04-14,-0.0006302055715936561,,
2023-04-17,-0.0031645273921615535,,
2023-04-18,-0.019627611741720452,,
2023-04-19,-0.02361527679277864,-0.009731006526286121,-0.007775229208205951
2023-04-20,0.0012867699828797985,-0.01119502512597246,-0.004108169526201285
2023-04-21,0.00904883999490691,-0.009761374036736867,-0.013463936640398631
2023-04-24,0.006979473718584872,-0.010493422900472603,-0.0025949692380612833
2023-04-25,0.011721636399821378,-0.012322218984863404,-0.005590145968513883
2023-04-26,0.00905140864150944,-0.0076523802518297995,-0.0038222520511320347
2023-04-27,-0.017652392730453603,-0.00468685807165227,-0.012965162119026928
2023-04-28,-0.007933874975031618,-0.012467754526123401,-0.012196121970739078
2023-05-01,-0.006666365960597664,-0.008998799586827198,-0.011022835916760286
2023-05-02,0.00021913782774318769,-0.007724462409015702,-0.010366922969302098
2023-05-03,0.011837617133412248,-0.00622478951066013,-0.009304770844752997
2023-05-04,0.017278392059027814,-0.007219650810154858,-0.011880995133931403
2023-05-05,-0.002520469238775358,-0.001470202264398533,-0.011804594643055494
2023-05-08,0.0006540822312028904,-0.007527336698352804,-0.012592065770581064
2023-05-09,-0.0016546905729394323,-0.005988868244418456,-0.01082151860245315
2023-05-10,0.005764978360099038,-0.006275479778428484,-0.008322059915337406
2023-05-11,0.01722763578829345,-0.01207434958825964,-0.010425418473715255
2023-05-12,0.017080013355041723,-0.014976299816386224,-0.013881253852205644
2023-05-15,0.01399475827567942,-0.008638622647610065,-0.010928452231660689
2023-05-16,0.009360131785210113,-0.00762085313460796,-0.010300247180776127
2023-05-17,-0.009970431166961613,-0.009625639487111594,-0.011920186278092897
2023-05-18,-0.01092475916698643,-0.010107658909021083,-0.011493100038075353
2023-05-19,0.0033444396493604867,-0.012038521796010804,-0.012856333431705136
2023-05-22,0.0033191288764062854,-0.00864909041704059,-0.01106707175690112
2023-05-23,0.009080139335778004,-0.008754660919364176,-0.011502818226097762
2023-05-24,0.026101314256558927,-0.007582083990052488,-0.008803760610773126
2023-05-25,0.03200288427141551,-0.005885277919940978,-0.011837622383307283
2023-05-26,0.016856324588128357,-0.0055258409633713226,-0.01147290908450614
2023-05-30,0.01868251217233774,-0.00815457995481476,-0.011888664788283508
2023-05-31,0.020820892371693267,-0.008907164623704177,-0.012074512875722644
2023-06-01,0.017329646540366284,-0.009917343353299688,-0.01279588372927758
2023-06-02,0.004626987867200727,-0.016630056549607097,-0.013327699649007064
2023-06-05,0.015687039079104625,-0.01670458517458764,-0.015329667491057233
2023-06-06,0.02016223502986847,-0.015737394326338805,-0.00889994744922556
2023-06-07,0.02492085545554401,-0.018265964726717772,-0.007571420618034385
2023-06-08,0.03138915002688969,-0.017379322751094165,-0.005451477589814472
2023-06-09,0.02603498088245937,-0.01971595805158518,-0.008457593436191835
2023-06-12,0.01153528897809375,-0.017524512714351854,-0.008170838450910435
2023-06-13,-0.00023923505276024493,-0.017383235018900482,-0.009533058236290241
2023-06-14,0.002176449504364575,-0.015485243096673117,-0.008473947734135094
2023-06-15,-0.017579765507447442,-0.016075446319769586,-0.006788664132003498
2023-06-16,-0.018249608822377805,-0.015248826491175104,-0.00781408866162197
2023-06-20,-0.0023103600647321754,-0.016461239090867358,-0.008860869514514619
2023-06-21,0.0033338848629467233,-0.021205119661930328,-0.007289817028525685
2023-06-22,0.003665329597952738,-0.02067179262904483,-0.004605197184921099
2023-06-23,0.02324495750679123,-0.024876481181280146,-0.006780699424940178
2023-06-26,0.02862494518328562,-0.0235107678667514,-0.004897135178330761
2023-06-27,0.015957131599413144,-0.019211501859271868,-0.0013527730822899763
2023-06-28,0.0074932769210689365,-0.02453508231024593,-0.003943648712607486
2023-06-29,0.001004449081561276,-0.024195992729856133,-0.00449471347300885
2023-06-30,-0.008166344531053249,-0.02273115439450161,-0.003326738748148823
2023-07-03,-0.002996946999671457,-0.02571093515392222,-0.004249152861464217
2023-07-05,0.00652183934181072,-0.02602138900054372,-0.005219903982363805
2023-07-06,0.022517363928079792,-0.025092365572750738,-0.0037676470400972283
2023-07-07,0.02446693348419471,-0.01917935048295706,-0.0035163905381632634
2023-07-10,0.025428804527871884,-0.021786432634545688,-0.0031308424126334764
2023-07-11,0.026510926081048547,-0.02017326679771996,0.00023885255608849576
2023-07-12,0.020582089637159573,-0.023020178894584863,-0.0050063204799780684
2023-07-13,0.005827900006766917,-0.027165704896454368,-0.00301706251881344
2023-07-14,0.0064546699287986176,-0.02996260071309586,-0.00303813565328656
2023-07-17,0.007452689027768189,-0.026767965519705266,-0.0038490306714962317
2023-07-18,0.0027520801841258713,-0.026730998934933525,-0.0033081395581781524
2023-07-19,0.0006809700664307528,-0.023294512325676742,-0.0010630410574602588
2023-07-20,0.0006855874958264785,-0.02247455067425683,-0.0021587089696029947
2023-07-21,0.010482663989999974,-0.02040422208988566,-0.00896031421065373
2023-07-24,0.00790399461198188,-0.023868960042071098,-0.006026316583109115
2023-07-25,0.0022834943634251204,-0.024203227231444684,-0.005364466732226025
2023-07-26,-0.011810924243459087,-0.02223415801521352,-0.00592774275228381
2023-07-27,-0.008066457048549913,-0.030315947050504007,-0.0054872813929619565
2023-07-28,-0.022126384686082967,-0.024770396609410734,-0.0045745937451126435
2023-07-31,-0.015465639743935444,-0.029103658442984785,-0.007882736914234112
2023-08-01,-0.016933827476852348,-0.027399167751783925,-0.007834633124404357
2023-08-02,-0.009730539443127184,-0.02468877111196391,-0.007488699001678882
2023-08-03,-0.0065279378372737895,-0.01743996992039705,-0.0016353882368821471
2023-08-04,-0.002596294899890106,-0.02248236534542997,-0.007289451632395729
2023-08-07,-0.005768681221555161,-0.015715190270172697,-0.005058816786907918
2023-08-08,-0.013058423706441724,-0.021686559267010914,-0.00620789172054416
2023-08-09,-0.013707330160027231,-0.020907993865863683,-0.006001445109834845
2023-08-10,-0.02157383650902578,-0.02185212532986555,-0.005454231337319168
2023-08-11,-0.020531760454710057,-0.0226243634270376,-0.005126013538500318
2023-08-14,-0.019570971593380393,-0.026710807180111904,-0.007424909043422619
2023-08-15,-0.010702545217271986,-0.025608712508706725,-0.006301503503118443
2023-08-16,0.007710890767369083,-0.019083289927460168,-0.006228002429825128
2023-08-17,0.00137515588092052,-0.017588913909211003,-0.006305129915300956
2023-08-18,0.007949601206454382,-0.01560830252276775,-0.0040821006266748665
2023-08-21,0.007784400051172868,-0.013247044161875601,-0.0022156800450951943
2023-08-22,0.02512838341367374,-0.014159375453394414,-0.00668315283394334
2023-08-23,0.01801231667970682,-0.015608614098498088,-0.005495500120665075
2023-08-24,0.03080866304420482,-0.018266580589692962,-0.010366786754691713
2023-08-25,0.025501749820588726,-0.012188285127862191,-0.002210161914982042
2023-08-28,0.014635364455106048,-0.01712088454233739,-0.006903007429215341
2023-08-29,-0.006545607695722322,-0.017706700538749967,-0.004173130478168974
2023-08-30,-0.013658264685302068,-0.020429583547245084,-0.00746647531853601
2023-08-31,-0.01072492014659887,-0.01871656065355821,-0.010716117647156874
2023-09-01,-0.0060727939511483475,-0.020083744880419266,-0.011493852022979957
2023-09-05,-0.007234516515997602,-0.019155816334036208,-0.009135042386647016
2023-09-06,0.0006499495915188724,-0.016376014036727525,-0.010753061225488999
2023-09-07,0.01238615767472373,-0.011359012693084291,-0.010853785318451197
2023-09-08,-0.0013155839668935743,-0.013895665894793149,-0.008065489693057511
2023-09-11,-0.007258717674516468,-0.016039864843609492,-0.008615446576747976
2023-09-12,-0.0038529568148927273,-0.01645964019567239,-0.0067740186652826585
2023-09-13,-0.014160357566359583,-0.01553466476517362,-0.006167656977155638
2023-09-14,-0.038742979460214544,-0.019002795085319366,-0.009409364704481732
2023-09-15,-0.02920806137733989,-0.021516418094879124,-0.008897747039897791
2023-09-18,-0.025697183580797756,-0.018652617084694408,-0.008552503606523466
2023-09-19,-0.038015781301203866,-0.02122309038273243,-0.00813621847322899
2023-09-20,-0.028702382504650514,-0.02065985635863256,-0.007745438010119166
2023-09-21,-0.006652982447430511,-0.01556546127244822,-0.0031991020726516496
2023-09-22,-0.006830450477529504,-0.00902836105495818,0.0020192488008222466
2023-09-25,-0.011382783734620872,-0.013670840551574779,-0.0022966267697827193
2023-09-26,-0.010073326935149951,-0.015311851068235974,-0.0032282215038867946
2023-09-27,-0.0032624457410105334,-0.007128122176185615,0.001113922698591181
2023-09-28,-0.009381074495992348,-0.011811433331085221,-0.003906380755623983
2023-09-29,0.004818799496546289,-0.01606324193772176,-0.0013852777526437066
2023-10-02,0.01165433979953212,-0.012569428759532642,0.0010264769409168706
2023-10-03,0.03071721638944669,-0.013050910462295229,-0.0022463662619146728
2023-10-04,0.027457204831978776,-0.008675462851295567,0.0012437377159053896
2023-10-05,0.021578315309606078,-0.01128835018173981,-0.004299470845079299
2023-10-06,0.004563108292091167,-0.007730994850031795,-0.0002368483565023427
2023-10-09,0.00867485235281129,-0.00982555361522753,-0.009782589805256904
2023-10-10,0.003405834513155792,-0.00819597449836674,-0.008516333191863899
2023-10-11,-0.014003587349997626,-0.010930812125498906,-0.008428411273989463
2023-10-12,-0.016671954425494184,-0.013029965179346042,-0.011212248121127324
2023-10-13,-0.023893406927496308,-0.010976193259858782,-0.008299270911780659
2023-10-16,-0.035730781454804794,-0.005450460227535188,0.00011144607093631631
2023-10-17,-0.028416171738459117,-0.010956103172168713,-0.003958290612608858
2023-10-18,-0.029427509957318798,-0.008306270505594916,0.001968601219843774
2023-10-19,-0.03254933197842591,-0.0035435303571087224,0.0018921177317770953
2023-10-20,-0.024953106281705106,-0.0009098217599429123,-0.0074069262540385275
2023-10-23,-0.011582620544880351,-0.0031014738227598277,0.0036400619166534597
2023-10-24,-0.012817755843299805,-0.0034314224041591566,0.002914837411121909
2023-10-25,0.012238241699609853,-0.00714203594918994,-0.0002106290414357248
2023-10-26,0.04414010807453295,0.004758895156158401,-0.0005570918631279587
2023-10-27,0.05846409973773237,-0.0031414010365810475,0.0013347741952965963
2023-10-30,0.048365011059384067,-0.006773198116269363,-0.007004502909009571
2023-10-31,0.04478717802130805,-0.00677344116204286,-0.005868223200390528
2023-11-01,0.03451934975561444,-0.005659107706268481,-0.015310826971703145
2023-11-02,0.007150185494898986,-0.009159524698352076,-0.012240160513861946
2023-11-03,0.013618781280600123,-0.010761992344683079,-0.015035038098670857
2023-11-06,0.010328473251876913,-0.011399720204229927,-0.01665824378147259
2023-11-07,0.027006608997367954,-0.011964862256559475,-0.017926597215844598
2023-11-08,0.028427630618802713,-0.01083729696113335,-0.018051864840795143
2023-11-09,0.03777879643129056,-0.009994426827575929,-0.01735648008730135
2023-11-10,0.023104347508160483,-0.006069404303928559,-0.016733097790461348
2023-11-13,0.0319634353437539,-0.010709643108053762,-0.007567508918376514
2023-11-14,0.010117314202651384,-0.007937784250507562,-0.0027285960725369008
2023-11-15,0.011875066345758523,-0.012354500020983507,-0.00317444175907976
2023-11-16,0.011260891594788713,-0.010601388517100912,-0.0029364086521442203
2023-11-17,0.008185666527047442,-0.012289866592099734,-0.0035090045302928084
2023-11-20,0.0014749410532155505,-0.013066527137656447,-0.0026010402967379487
2023-11-21,0.002956325290831785,-0.01647162395727803,-0.004572622626262133
2023-11-22,0.0030329842959957443,-0.016575817776350817,-0.0053786185706717025
2023-11-24,0.008346290700509629,-0.01844906476810046,-0.004769504801671244
2023-11-27,0.004862730508119473,-0.01877242694467591,-0.004426214763608287
2023-11-28,0.003670976270517823,-0.020200886323816246,-0.004635375526476292
2023-11-29,0.0003301143238025883,-0.02123209705794031,-0.005533259966438614
2023-11-30,0.00400958782359262,-0.020050450068113075,-0.0035844320903668015
2023-12-01,0.0023958474154197607,-0.020474111764367375,-0.0032879712902422697
2023-12-04,0.011605149160719641,-0.023297322555108586,-0.004304327816839568
2023-12-05,0.016425708594232757,-0.021808911846437767,0.0005647339508089255
2023-12-06,0.03461157158010386,-0.026353132396902748,-0.0024647832827335847
2023-12-07,0.03007227011274005,-0.023894481553585777,-0.002429351908919851
2023-12-08,0.023974070117272817,-0.028585704805806817,-0.0024058686282361886
2023-12-11,0.025744338208695705,-0.02516262104222352,-0.0017353941976654642
2023-12-12,0.027289786794987947,-0.02419828667651303,-0.002373654586793279
2023-12-13,-0.0007257841693851796,-0.026769053431210686,-0.0026544211102812244
2023-12-14,0.005522204135296915,-0.028020636916070582,-0.00455875836558304
2023-12-15,0.009204608167313388,-0.028830295021002608,-0.0016728987725780386
2023-12-18,0.00779690276867151,-0.027691660378163487,-0.005407130151518709
2023-12-19,0.0035169291998304875,-0.028533750680238373,-0.004821008794370726
2023-12-20,0.018002799266756186,-0.027546651066200453,-0.004392020992120178
2023-12-21,0.005521477356318805,-0.024404528551625906,-0.004630716077434388
2023-12-22,-0.002111336535371766,-0.02563737111357287,-0.0032911785055243226
2023-12-26,-0.01442226010103076,-0.025179483736937434,-0.006802770818964195
2023-12-27,-0.019369872140168498,-0.026092732468499847,-0.006584049234739204
2023-12-28,-0.018397766479370192,-0.027006904148646163,-0.008986821043474275
2023-12-29,-0.0014938775942762161,-0.02860058638004656,-0.009716736461458833
2024-01-02,0.002602421457809978,-0.027136708024145435,-0.009943217981639961
2024-01-03,0.016574645000302812,-0.023004568539650407,-0.010144256275349907
2024-01-04,0.019410117365140644,-0.0228335562017588,-0.004754663557660386
2024-01-05,0.01872125752605447,-0.01900407736063133,-0.0018647637832843954
2024-01-08,0.00069538181696438,-0.021816100446888642,-0.003789988908367341
2024-01-09,-0.0033552264566250045,-0.024305846082578145,-0.004896268631046199
2024-01-10,-0.00014706463810554293,-0.023645850265729945,-0.004465237861253312
2024-01-11,0.012763645051123262,-0.02382851872187839,-0.005871179774909197
2024-01-12,0.014202450508148612,-0.02214956631397478,-0.003933418905725311
2024-01-16,0.02090836877497315,-0.019662734861072322,-0.0034192584305972485
2024-01-17,0.027737217339059317,-0.01505332005086844,-0.00315907798406012
2024-01-18,0.024218922315740743,-0.011753962579786077,-0.002141690636589968
2024-01-19,0.010322855835214417,-0.01595506719255021,-0.0045428975673881015
2024-01-22,0.01617533058364451,-0.015875348573182277,-0.004641798749888747
2024-01-23,0.01243656904091428,-0.015424299949922064,-0.005246835587798529
2024-01-24,-0.005171109968723164,-0.018677090601144183,-0.005409781857752272
2024-01-25,0.002397378251405957,-0.018035038227061463,-0.005883784213265373
2024-01-26,0.014238488753816503,-0.016086703959955168,-0.011692821529945038
2024-01-29,0.0026054958075101275,-0.014926377385801623,-0.004496691130830357
2024-01-30,0.006294679846832851,-0.014386743935781855,-0.005450893186200698
2024-01-31,0.031519169115016066,-0.010409214929108408,-0.003981157429218517
2024-02-01,0.018642662253552267,-0.008255418244439447,-0.0025244222059203104
2024-02-02,0.013856573252112536,-0.0164656032152692,-0.006434215938857384
2024-02-05,0.017114994994585464,-0.014740805240200588,-0.00616213866673701
2024-02-06,0.00020243174915379747,-0.01774312428868618,-0.0035161078643660528
2024-02-07,0.0009435470464793649,-0.017685145792489074,-0.005404959732924997
2024-02-08,0.007404962831984774,-0.018004423985196617,-0.0039684564934325765
2024-02-09,-0.0033718513474563228,-0.016741546104081517,-0.005317405793607617
2024-02-12,-0.008423493054415143,-0.019123184870093506,-0.0057582786141972655
2024-02-13,0.006334969828921899,-0.014813831101653428,-0.004796161956192931
2024-02-14,0.017911242877368894,-0.010193743537583804,-0.001507653240197181
2024-02-15,0.011633135004706308,-0.014154550455147557,-0.0035609038427189266
2024-02-16,0.012972615028229217,-0.013871543523484095,-0.0007620744611079522
2024-02-20,0.020472710636662228,-0.013797814380357258,-0.002335475364853874
2024-02-21,0.018201625130583654,-0.013851108054671334,-0.002573351911547845
2024-02-22,0.0011428378170810216,-0.01806509891595001,-0.003454728011128737
2024-02-23,0.009845461068259231,-0.01626643994138723,-0.0036262456019806565
2024-02-26,0.012470589478776217,-0.014671874941835967,-0.0030031255519266708
2024-02-27,0.000493089751044673,-0.013633270741380217,0.0012084850009341352
2024-02-28,0.006893659977550426,-0.019260691785051014,-0.005056003207903908
2024-02-29,0.013245897995532996,-0.0159602841694814,-0.006836265248838926
2024-03-01,-0.002203385144593284,-0.017420296476479122,-0.016176368235120316
2024-03-04,-0.0019910751520557657,-0.014942445701650603,-0.01893760111155469
2024-03-05,0.018928281818823223,-0.011116571368853167,-0.018602481943880846
2024-03-06,0.012202015455276216,-0.011834140147085606,-0.011276699208436334
2024-03-07,0.0002720341303781293,-0.013300839001086005,-0.007785812510838549
2024-03-08,-0.0005978476512347175,-0.013841398107361399,-0.018336978654299035
2024-03-11,0.006206935892962173,-0.01228219386148419,-0.01705635815490323
2024-03-12,0.001030198064332355,-0.012118767831612883,-0.01291416982652935
2024-03-13,0.011874916875340924,-0.012877067399817997,-0.020389802338062993
2024-03-14,0.01722985885727235,-0.012082713985085631,-0.020504902954286135
2024-03-15,0.0223211009603812,-0.011949653843118958,-0.00638312296933783
2024-03-18,0.013473570710196503,-0.01036631087095103,-0.0036440082476090984
2024-03-19,0.00601091756456773,-0.01527774984193252,-0.004212323809419951
2024-03-20,0.005168450488014287,-0.010850636381014592,-0.00803790092644494
2024-03-21,0.0016659743409321859,-0.013544713851590735,-0.00833914175278901
2024-03-22,0.001822695412538211,-0.009275971131920847,-0.011963750685532706
2024-03-25,-0.001789160007833912,-0.013784377611711307,-0.011190157976297183
2024-03-26,0.0011564038784908082,-0.012918538028351616,-0.009582777942562425
2024-03-27,-0.01930543450632749,-0.012641302822767556,-0.009183863712390852
2024-03-28,-0.008870872925232809,-0.014289134000186752,-0.009942443856871468
2024-04-01,-0.006588126092811897,-0.011522852171869324,-0.010710542214157627
2024-04-02,0.0009250694354705491,-0.0119170085408369,-0.008222846941035596
2024-04-03,-0.010184532208139974,-0.008651345326382842,-0.009348932265223679
2024-04-04,0.009608957920934857,-0.011454166836945496,-0.00879455452509207
2024-04-05,-0.014620952108078344,-0.003377715927362161,-0.005860123982545885
2024-04-08,-0.02750992017784759,,
2024-04-09,-0.030405187825223168,,
2024-04-10,-0.026394602316216376,,
2024-04-11,-0.035675742050060966,,
2024-04-12,-0.030713507822244468,,
2024-04-15,-0.009376447672531207,,
2024-04-16,0.004210279945787709,,
2024-04-17,0.009709347510395983,,
2024-04-18,0.007947540794798869,,
2024-04-19,0.026456179765152354,,
2024-04-22,0.020691535306386788,,
2024-04-23,-0.0072580344089362425,,
2024-04-24,-0.010011629605706007,,
2024-04-25,0.0030587337459173636,,
2024-04-26,0.005961499265531023,,
2024-04-29,0.012763210294579386,,
2024-04-30,0.03020047259887959,,
2024-05-01,0.03365637037340363,,
2024-05-02,0.029978311117527134,,
2024-05-03,0.018678319104057595,,
2024-05-06,0.008401515778397206,,
2024-05-07,0.01191151086010378,,
2024-05-08,0.02434322626891139,,
2024-05-09,0.016379373326168123,,
2024-05-10,0.016530772034343943,,
2024-05-13,0.017565507367458988,,
2024-05-14,0.015402365656084438,,
2024-05-15,9.43178967156566e-05,,
2024-05-16,-0.005163705142539499,,
2024-05-17,-1.8734829910549422e-05,,
2024-05-20,-0.0004716912722728672,,
2024-05-21,-0.009899133747043654,,
2024-05-22,-0.013627065700611785,,
2024-05-23,0.0026808270535336742,,
2024-05-24,-0.0030976279738733625,,
2024-05-28,-0.0026801852691962225,,
2024-05-29,0.016289727554371414,,
2024-05-30,0.023057298818777605,,
2024-05-31,0.01259079174480604,,
2024-06-03,0.014891886879261573,,
2024-06-04,0.016200121410568258,,
2024-06-05,0.012512457323340831,,
2024-06-06,0.01457013875820179,,
2024-06-07,0.016423067220398435,,
2024-06-10,0.021356849493189722,,
2024-06-11,0.021491655565461842,,
2024-06-12,0.010418033708650132,,
2024-06-13,0.007035933960690022,,
2024-06-14,0.0031520465859167235,,
2024-06-17,-0.0009363231158947549,,
2024-06-18,-0.0022243908525995115,,
2024-06-20,0.002070759663129529,,
2024-06-21,-0.000532712690137771,,
2024-06-24,0.004790466341207056,,
2024-06-25,0.007672160570155517,,
2024-06-26,0.01090727513416323,,
2024-06-27,0.015136282413946933,,
2024-06-28,0.020322795654726278,,
2024-07-01,0.01921725202508573,,
2024-07-02,0.022422074834047567,,
2024-07-03,0.009103009287792396,,
2024-07-05,0.009645775267418832,,
2024-07-08,0.011255550291688454,,
2024-07-09,0.016264336775501098,,
2024-07-10,-0.007802913624989416,,
2024-07-11,-0.0068645840123386925,,
2024-07-12,-0.019643109964492367,,
2024-07-15,-0.012252214141873496,,
2024-07-16,-0.019615426018858684,,
2024-07-17,-0.028207901514448852,,
2024-07-18,-0.02578440613682287,,
2024-07-19,-0.008287932430444345,,
2024-07-22,-0.017831131844867287,,
2024-07-23,-0.02127207285821653,,
2024-07-24,0.01770055891333877,,
2024-07-25,0.008543761527593396,,
2024-07-26,-0.021196042709211715,,
2024-07-29,-0.05026056800319523,,
2024-07-30,-0.03662344221820257,,
2024-07-31,-0.05836873768224282,,
2024-08-01,-0.022761894248813364,,
2024-08-02,0.00016872253040656204,0.001229516664088363,0.010387181093351855
2024-08-05,0.030712485299298375,0.008597858095998185,0.017490140026849475
2024-08-06,0.038092279398058926,0.0326045085266832,0.027869925587458936
2024-08-07,0.04837471730043874,0.02044753273011164,0.021059090625324926
2024-08-08,0.04224989798789269,0.023173351159845108,0.0252917816054401
2024-08-09,0.04000078376075544,0.017377214143380032,0.019574881352501218
2024-08-12,0.049393171003940584,0.013777140706828837,0.01083475876948089
2024-08-13,0.030735793929726363,0.011290410577675778,0.00889368267573929
2024-08-14,0.03102530637998613,0.011192218057210122,0.007386072234780014
2024-08-15,0.005695403085466344,0.014557139522772636,0.014776281459970347
2024-08-16,0.014107549187628132,0.011500208540044398,0.005914797113159121
2024-08-19,0.00210869030852745,0.011452800302728338,0.009252476653476583
2024-08-20,0.005119049251797181,0.009354178897578344,0.00603390412906546
2024-08-21,-0.004138245599028756,0.012344414602840845,0.005992458515878149
2024-08-22,0.003829463818405099,0.013460024010418185,0.00899484050488752
2024-08-23,0.002757392649613166,0.014179206083178698,-0.012764320530226076
2024-08-26,-0.0155315387824555,0.008406563468702813,-0.0126802452933099
2024-08-27,-0.01889371387723726,0.009003381614243279,-0.011187866095265432
2024-08-28,-0.015565058957952904,0.0074735046569950146,-0.012111759845182873
2024-08-29,-0.03221991378863831,0.008329077948085132,-0.010826163848608805
2024-08-30,-0.03063797178602279,0.004676685434967959,-0.010872014488842901
2024-09-03,-0.005959476633438543,0.005329692188265506,-0.01186596601107518
2024-09-04,0.006298089924099193,0.01092781198154245,-0.006709984533293979
2024-09-05,0.017248641055341185,0.007768012914315557,-0.007144480907030284
2024-09-06,0.040065889433011925,0.0012678608019911517,-0.008360333821156715
2024-09-09,0.030069160006690687,0.010111698897947722,-0.016080306621091504
2024-09-10,0.02602084685506778,0.006855549613899146,-0.02103856060437047
2024-09-11,0.01258979314348152,0.003316312558151239,-0.020747310862029376
2024-09-12,0.02126666934882393,0.0019957208526522286,-0.02024750130635608
2024-09-13,0.01420443300138885,0.002942232693859073,-0.020154714530961945
2024-09-16,0.015239245649599997,0.0018394063168925123,-0.019848212555976675
2024-09-17,0.017728344708082933,0.006199828950675942,-0.0103632926146536
2024-09-18,0.01850459419966821,0.004291467145399762,-0.002472853860575729
2024-09-19,0.005386124649385593,0.003349838113986535,-0.001933468511062838
2024-09-20,0.005666378393216487,4.020957750956928e-05,-0.00397080954589561
2024-09-23,0.007179680951373113,0.001959233101443339,-0.004236847340187589
2024-09-24,-0.004690950566389573,0.0011870165201830556,-0.005890975894849097
2024-09-25,-0.002070045659021136,-0.0031581866740046757,-0.0045899893262794245
2024-09-26,-0.007827984352427708,-0.002496436484485544,-0.004659233918911429
2024-09-27,0.002642368647241211,-0.003474192232823087,-0.003968638329824546
2024-09-30,-0.010387596516343911,-0.0037023572793321194,-0.006071284731252101
2024-10-01,0.008001940652354822,-0.005591102560515239,-0.005836260608197232
2024-10-02,0.014555466005153672,-0.0023464871334157762,-0.00795488996065977
2024-10-03,0.014634853949282878,-0.004610968152694154,-0.018385759650280296
2024-10-04,0.011518754909598972,-0.002873408106455384,-0.023189773990977706
2024-10-07,0.029094752758508147,-0.008355860092116878,-0.02007587293111247
2024-10-08,0.011532240303714358,-0.00035791252331131306,-0.021959786398203042
2024-10-09,0.008940580159399136,-0.006920354991371501,-0.023032169969547378
2024-10-10,0.010796116122808064,-0.0031966861980258035,-0.023712588502817336
2024-10-11,0.008644219311868095,-0.0041988941212708145,-0.023031605197076307
2024-10-14,-0.0011808454220626485,-0.0023214740699623406,-0.021306144956708177
2024-10-15,0.006105810242358123,-0.006073724287604004,-0.02071515283638847
2024-10-16,-0.0074016543268732304,-0.0036149979752836373,-0.022451436885147363
2024-10-17,-0.005340455350991924,-0.002984111458388804,-0.024060556817313446
2024-10-18,-0.009493932678428463,-0.002641782812604077,-0.023402411166836994
2024-10-21,-0.004797472536636316,-0.004720254064924576,-0.02337017066506621
2024-10-22,-0.002657232435387291,-0.0036794614105088827,-0.020312644407837345
2024-10-23,0.0034948908977752158,-0.0017266749025719999,-0.020493674246155683
2024-10-24,-0.018299623388819963,0.0016390159025504109,-0.018052691178293247
2024-10-25,-0.013815902587332451,-0.003420250830188993,-0.018456809737443035
2024-10-28,-0.01897300203509067,-0.0017773255919312338,-0.01766655547361231
2024-10-29,-0.00871471507214927,-0.003349564201562174,-0.022084291940482226
2024-10-30,0.019016927657287352,-0.0031249673368687453,-0.0198512838104878
2024-10-31,0.047428813119351876,-0.003778994261641347,-0.02092269115521228
2024-11-01,0.04754482818738426,-0.003909876140126976,-0.020421760814236745
2024-11-04,0.05080643713911748,-0.007098490457735137,-0.025182952024647366
2024-11-05,0.035026976697679624,-0.005787283943916798,-0.02210932306488237
2024-11-06,0.010405355119603055,-0.007786231670457767,-0.020304804705285465
2024-11-07,-0.0037944805486973543,-0.013089157926111488,-0.023658006877886065
2024-11-08,-0.020796058113657367,-0.014390913143641746,-0.02252763442513551
2024-11-11,-0.017719915206323655,-0.011843629992758708,-0.02390544796214584
2024-11-12,-0.011057360197941346,-0.01601069507206104,-0.024845374764474615
2024-11-13,-0.01120250325032801,-0.015175936627659084,-0.02622164249340149
2024-11-14,0.0005393869262784179,-0.012727609423464731,-0.025028936971995774
2024-11-15,0.016662386034748566,-0.01140414418853477,-0.02359731953944304
2024-11-18,0.015948424718853715,-0.011328385076794865,-0.023128458866536646
2024-11-19,0.017533558684242667,-0.017239413221895462,-0.02161429567934249
2024-11-20,0.014106664507747668,-0.015940864784788383,-0.00608003805657923
2024-11-21,0.014957816634670218,-0.013172170757747787,0.006591622143044504
2024-11-22,0.013635422698103694,-0.010670213135404142,0.012118988526377166
2024-11-25,0.01067701038347968,-0.015857382704997897,-0.010116775575094232
2024-11-26,0.01167059837124862,-0.018239848014858524,-0.009481449731082094
2024-11-27,0.01307547732534231,-0.016718709038702068,-0.009685798408812667
2024-11-29,0.0087294892021903,-0.01736476260622539,-0.011103024902265144
2024-12-02,0.0017393040252815517,-0.01948483904854041,-0.011344431641588094
2024-12-03,-0.0018378581852068754,-0.01947033012932916,-0.009743743395547188
2024-12-04,-0.0003290892379302912,-0.019059430892843655,-0.012576460204102911
2024-12-05,-0.0038406256137435424,-0.02000337542002732,-0.010184989081364839
2024-12-06,-0.005922752444982637,-0.017464262580997862,-0.010811059537556234
2024-12-09,0.0034894807184031595,-0.020136305769986863,-0.010199157812876733
2024-12-10,0.0024717162990910424,-0.018675407015942894,-0.0006635295316376877
2024-12-11,-0.03486644476762468,-0.024275340795123376,0.000602332524607766
2024-12-12,-0.030165755070526323,-0.02584138623006702,-0.007855814989386851
2024-12-13,-0.018322141827546323,-0.021052639203021598,-0.009053004394815224
2024-12-16,-0.01664232693271428,-0.022905748073107884,0.0019964420082405755
2024-12-17,-0.0015988567098969009,-0.02928716561413462,-0.00606371939563249
2024-12-18,0.02913956693316755,-0.025151374474871483,0.0026877054861103654
2024-12-19,0.01861909165615372,-0.00788008466211102,0.00808374683725192
2024-12-20,-0.004956537210485612,-0.01552134964183014,0.0058793097625455025
2024-12-23,-0.01447817190688061,-0.0221629873854659,0.0026048711707039518
2024-12-24,-0.0277065690778735,-0.024496865261775653,0.0072622180600234966
2024-12-26,-0.015615202719501675,-0.027829956626795962,-0.008962428740082233
2024-12-27,0.0005882925348350554,-0.031991024448621966,-0.00969336086462918
2024-12-30,0.0006971692569128773,-0.030117207158627927,0.00047100922523714007
2024-12-31,0.0058182457429125645,-0.027821820041106032,0.0010720440245230633
2025-01-02,-0.007098609358565766,-0.027026519325847747,0.002003673118202538
2025-01-03,-0.017839376325081036,-0.02330419078200791,0.009688095734725222
2025-01-06,-0.022121067301070108,-0.027771918795792494,0.00943522816883645
2025-01-07,0.007050283153515746,-0.02937948059573869,-0.006207990939408619
2025-01-08,0.00364738386814345,-0.026013743219390675,0.0009381431746176827
2025-01-10,0.029440867637310575,-0.026288705783195896,-0.0012756419241549233
2025-01-13,0.03725552153083367,-0.02403016224870516,0.009922164031475262
2025-01-14,0.04165298278984886,-0.023808623744718684,0.016330540827569594
2025-01-15,0.028627763871106326,-0.023728459714618927,0.011844727879361678
2025-01-16,0.0276010308148551,-0.03021706977298029,-0.008297334514112775
2025-01-17,0.0029952895496225818,-0.021686882264261458,-0.008111701021562188
2025-01-21,0.00243766304455173,-0.028179672788747674,-0.00856492877287769
2025-01-22,-0.007634672125321762,-0.027460781250756794,-0.007709813814003137
2025-01-23,-0.007724635941589564,-0.026201436261078424,-0.01505634199426589
2025-01-24,-0.010115602850058414,-0.023719731280962348,-0.015536852127547565
2025-01-27,-0.0026694962090367813,-0.025705401309294905,-0.01474166084043859
2025-01-28,-0.004532562826768838,-0.02193969879129206,-0.0047284319832253275
2025-01-29,0.004004486248900374,-0.024934447457117533,-0.0033603106234287405
2025-01-30,0.002115665013752599,-0.02169129210819512,-0.006357305827508176
2025-01-31,-0.001744600842978894,-0.028473675412553832,0.0023836824045832903
2025-02-03,0.011844028189834876,-0.027173317052200486,0.0036573311982651836
2025-02-04,0.005865921274708308,-0.023812385621176557,-0.000632766950087561
2025-02-05,-0.0014232644907297143,-0.030603649685140025,-0.0013851318149686476
2025-02-06,0.005624124047084678,-0.020471721675468173,-0.003547915277232051
2025-02-07,0.014864221408219302,-0.02508981044452587,-0.004594254482811144
2025-02-10,0.010977951720319679,-0.01932765476000963,0.004292371753857768
2025-02-11,0.012588616332488423,-0.024977888486735465,-0.0014181995689086424
2025-02-12,0.011634873011435731,-0.02297477275057821,0.001198627127275771
2025-02-13,-0.01605629445774015,-0.021643040401465585,0.0010532185068117105
2025-02-14,-0.020485479922525696,-0.023484904383645307,0.004373448761270583
2025-02-18,-0.028209803194284788,-0.022396770531275274,-0.005145186540737012
2025-02-19,-0.03000346101697804,-0.01944508072735329,-0.0029334780043138264
2025-02-20,-0.04149879429647707,-0.019864184355020076,-0.004588131688292632
2025-02-21,-0.009601014261413687,-0.017616562811141254,-0.012077890069122415
2025-02-24,-0.022504602847370547,-0.012949199380265581,0.011029386856228073
2025-02-25,-0.02924743568442778,-0.014224779078972079,0.011594642541862035
2025-02-26,-0.019308998294141677,-0.011548159270148526,0.012370042960475926
2025-02-27,-0.021092106336111693,-0.00852051395851081,0.010096424100290541
2025-02-28,-0.030731389397327113,-0.0058898654603426,0.020258588096360913
2025-03-03,-0.039724559948546956,-0.012288702667909721,0.011459972478262928
2025-03-04,-0.036299994262999236,-0.004356945142165504,0.01934870116196912
2025-03-05,-0.04148805445080739,-0.0058750641993105725,0.01574571544528725
2025-03-06,-0.037174228984116375,-0.0024793064418719194,0.015461609159327237
2025-03-07,-0.02276359820056706,0.001048086111260863,0.013312370471095441
2025-03-10,0.011720036109505338,-0.0007966301229306617,0.016603707339606574
2025-03-11,0.009174066713798057,0.010043227957494995,0.01600767606058213
2025-03-12,0.014779906516643626,0.005910131384250667,0.016899908764695767
2025-03-13,0.025516047033127043,0.0035869891057618243,0.01346434074093534
2025-03-14,0.00509331711454708,0.007849504288055226,0.005370778366422346
2025-03-17,0.01526392198341231,0.0023064432885064514,-0.0038598080386467335
2025-03-18,0.028824454656210863,0.0030485975345262498,0.00044478767267786765
2025-03-19,0.0055903179106266965,0.005041330914907152,0.015089260052061989
2025-03-20,0.00582835521576941,0.000376251032863782,0.009509641247005715
2025-03-21,-0.014752287308428591,0.002722990117806573,0.00970252573257529
2025-03-24,-0.025588816723560392,0.0012163050600460669,0.009079886100098402
2025-03-25,-0.025179920400368205,-0.001491820544810613,0.00944828931149969
2025-03-26,-0.007158022118101015,-0.0025197893764632245,-0.01760813184508158
2025-03-27,-0.05357271046314016,0.0034115070615707986,-0.026240733880682265
2025-03-28,-0.09066696309030009,0.00037198420159278533,-0.027485450530965364
2025-03-31,-0.098339237413399,0.0059760618225635775,-0.0057475340683731035
2025-04-01,-0.1149615101353243,0.0007986085060831405,-0.012630645229936666
2025-04-02,-0.02816554711351338,0.0017411325041485092,-0.011489221039459804
2025-04-03,-0.022582474524298846,0.001201615371016518,-0.010651818687724038
2025-04-04,0.05672098226022304,0.017566641754186006,0.002880662577723766
2025-04-07,0.06887658379174022,0.028760773580170547,0.00582710953178697
2025-04-08,0.08284313677137556,0.028910570310893263,0.029050191155044907
2025-04-09,-0.04185058941569031,0.04321568822487034,0.03540738920577839
2025-04-10,0.003488465041540323,0.01650689420102597,0.02614274035371987
2025-04-11,-0.037569733717773834,0.040021216753456226,0.029845789590185152
2025-04-14,-0.022017266903950117,0.024027647223642402,0.007205647751606057
2025-04-15,-0.004073562561893396,0.023813915847984906,0.013145953399045483
2025-04-16,0.04000697796804409,0.025393659909686974,0.015398757042602877
2025-04-17,0.04602885893108022,0.031138454699357436,0.038545147332348796
2025-04-21,0.07194285655063926,0.022004102779488215,0.024228210372454324
2025-04-22,0.05134179697160168,0.025769817137401927,0.0330202162005325
2025-04-23,0.03571031676343717,0.01850191836628906,0.03993597578029757
2025-04-24,0.021547789569487552,0.017023268344600485,0.017643445425374084
2025-04-25,0.029274958104940296,0.014508725727309331,0.020591280958485215
2025-04-28,0.022982658044808257,0.01320775882497002,0.018443929577064724
2025-04-29,0.00808197800845889,0.011665646809019312,0.024565023268853004
2025-04-30,0.01191978675328298,0.00948879490006982,0.023340050354624876
2025-05-01,0.011800172793999142,0.009329679131753144,0.028867448064321056
2025-05-02,-0.004269840712648243,0.009089666525641535,0.013183693308956045
2025-05-05,0.03456908787883206,0.010346934895299757,0.005233889818420822
2025-05-06,0.05017904027576381,0.009799965999310701,0.004925466347130656
2025-05-07,0.04711762535642272,0.006441999583394949,0.0008368828448509958
2025-05-08,0.04495098126839325,0.0071459731082109314,0.004414735124538108
2025-05-09,0.05291134195830227,-0.002009971596245951,-0.0047978817967539574
2025-05-12,0.020343350812102257,-0.0008885033039334285,0.0006833159172718339
2025-05-13,0.010241229101876748,-0.012268348591172212,0.0038210608955395052
2025-05-14,-0.00804994510193513,-0.008256632337917213,0.008361369634412042
2025-05-15,-0.012481776631000585,-0.01042862942194197,0.007004518125841234
2025-05-16,-0.025395508679231793,-0.008011741171615846,-0.0019661463699858785
2025-05-19,-0.006219940837445037,-0.012030556963360918,-0.008753659925132688
2025-05-20,-0.008636267138507403,-0.00943352362204347,-0.010303216336529692
2025-05-21,0.012335752087659024,-0.010127578976616205,-0.018835154301390662
2025-05-22,0.01080451115505543,-0.013859450981433517,-0.011290058111303465
2025-05-23,0.023484353506929123,-0.014982373120157157,-0.02808037572280488
2025-05-27,0.008356551729993944,-0.010385555137350554,-0.017356093777724794
2025-05-28,0.013952005966054504,-0.020620153988317923,-0.022879888629161266
2025-05-29,0.005084302290597087,-0.017170115214469983,-0.015345987190337392
2025-05-30,0.016542511022160866,-0.01950167490366568,-0.024159170549037035
2025-06-02,0.011759557635723672,-0.019815448262641838,-0.015767135133843514
2025-06-03,0.011726355864389637,-0.01965778702750173,-0.015094112118997898
2025-06-04,0.009111819715749592,-0.017964336399007158,-0.02306418076023102
2025-06-05,0.018042316950097836,-0.019741948950204365,-0.01675193263698651
2025-06-06,-0.0035718460187899037,-0.015883646208821024,-0.013357838761143154
2025-06-09,0.0050026556223807805,-0.0219374116874764,-0.029306885565937385
2025-06-10,-0.009202640183894495,-0.018375678040935248,-0.025540911622400436
2025-06-11,-0.006518560684373509,-0.020093633031961027,-0.026534103184010494
2025-06-12,-0.012775326957177868,-0.01545346176091311,-0.02078825148668931
2025-06-13,0.008248314238408883,-0.015134001842768056,-0.017616780414333948
2025-06-16,0.00977938090465158,-0.011763397917321616,-0.02707544442822472
2025-06-17,0.01905302243318263,-0.015393426042953852,-0.02575250579748134
2025-06-18,0.02718071069474637,-0.009133422074053158,-0.01696409768488824
2025-06-20,0.034714179899440145,-0.009816226818423706,-0.02652085559686569
2025-06-23,0.02949254428366599,-0.008900905948709556,-0.023645565499072912
2025-06-24,0.01791422689006983,-0.010941732819337803,-0.02494227265653708
2025-06-25,0.02195614902663645,-0.010903851677045015,-0.01721435288097851
2025-06-26,0.02201453224667671,-0.013714652906021021,-0.017477052231849415
2025-06-27,0.009383519186952238,-0.011547573978162817,-0.01786203352585113
2025-06-30,0.004030187534068919,-0.014045614683562168,-0.015576890409944713
2025-07-01,0.010378001928538882,-0.010568221906711648,-0.0169325271021058
2025-07-02,0.008655000421525783,-0.011021734827954047,-0.018577179731488563
2025-07-03,-0.002750554361489521,-0.013817629788710756,-0.021538447793925563
2025-07-07,0.006654000340832411,-0.010522976196015717,-0.022775894401739504
2025-07-08,0.002901614783900053,-0.0058342598635926,-0.016247721788084313
2025-07-09,0.0002563425714787737,-0.008671172266438818,-0.02139368670204497
2025-07-10,0.0035472990271065985,-0.010508826856421865,-0.018600498068875967
2025-07-11,0.006350056129794446,-0.011149841305211022,-0.0139892670127679
2025-07-14,0.006337961921431878,-0.010092411229304843,-0.010896512418678915
2025-07-15,0.01080137998666153,-0.010032616751582102,-0.009530434205412776
2025-07-16,0.016004055843132248,-0.009090383942497794,-0.010466550003503721
2025-07-17,0.010158596755021732,-0.009319655371279502,-0.001954786025618127
2025-07-18,0.015169314249741106,-0.008576097322359935,-0.01690677644962514
2025-07-21,0.012993594885848614,-0.011781378233948312,-0.0249661858740016
2025-07-22,0.010177185006428058,-0.0147368387276392,-0.021022309635646868
2025-07-23,0.00039419118484196325,-0.016807619996919463,-0.026608782576460103
2025-07-24,-0.00368835453381966,,
