,beta
2020-08-07,0.9174768546607996
2020-08-10,0.9174768546607996
2020-08-11,0.9174768546607996
2020-08-12,0.9174768546607996
2020-08-13,0.9174768546607996
2020-08-14,0.9174768546607996
2020-08-17,0.9174768546607996
2020-08-18,0.9174768546607996
2020-08-19,0.9174768546607996
2020-08-20,0.49057608670541397
2020-08-21,0.47466378305594514
2020-08-24,0.6144500497084255
2020-08-25,0.7605559773988414
2020-08-26,0.6385666353474294
2020-08-27,0.6155409801367104
2020-08-28,0.7026029145223902
2020-08-31,0.7424714680105035
2020-09-01,0.7399525323222484
2020-09-02,0.9819711585299069
2020-09-03,0.7862932621476512
2020-09-04,0.771990569072846
2020-09-08,0.7824047602968108
2020-09-09,0.7845729061024311
2020-09-10,0.8279346709684012
2020-09-11,0.8238533150065466
2020-09-14,0.8350536355547673
2020-09-15,0.8260013268745963
2020-09-16,0.8364101624986441
2020-09-17,0.8215224283571563
2020-09-18,0.8331136569321146
2020-09-21,0.8716762659767109
2020-09-22,0.8671869401019144
2020-09-23,0.9206588929848493
2020-09-24,0.9071829959715739
2020-09-25,0.909951983569571
2020-09-28,0.9313426779669742
2020-09-29,0.9421691155020977
2020-09-30,0.9589068999864215
2020-10-01,0.9713671399865816
2020-10-02,0.9482037074088079
2020-10-05,0.8894776546659916
2020-10-06,0.8832673606794621
2020-10-07,0.8261967733784451
2020-10-08,0.817763082700977
2020-10-09,0.8099959239603309
2020-10-12,0.7331226122148654
2020-10-13,0.7720022143891333
2020-10-14,0.7721039266534869
2020-10-15,0.7612155955041456
2020-10-16,0.8005419176471388
2020-10-19,0.8225104334544305
2020-10-20,0.8459926809287466
2020-10-21,0.8300208220638778
2020-10-22,0.815108030939829
2020-10-23,0.8518654977235756
2020-10-26,1.1029700888125842
2020-10-27,1.0912715108707913
2020-10-28,0.9468388493760915
2020-10-29,0.9431206839937671
2020-10-30,0.9207721248744954
2020-11-02,0.9818350612929254
2020-11-03,0.9956859519976613
2020-11-04,0.9015823275520376
2020-11-05,0.8965393545726135
2020-11-06,0.8944191508469685
2020-11-09,0.9240450054667111
2020-11-10,0.8899397337618671
2020-11-11,0.766031872000457
2020-11-12,0.8875358185502473
2020-11-13,0.9410961345348647
2020-11-16,0.9367530684707122
2020-11-17,0.9363719086112845
2020-11-18,1.146453772220268
2020-11-19,1.2839998745163808
2020-11-20,1.273294958582138
2020-11-23,1.0688349002931363
2020-11-24,1.0642783385488963
2020-11-25,1.116963197473573
2020-11-27,1.079861717129434
2020-11-30,1.0875013657541548
2020-12-01,0.9850409309668808
2020-12-02,1.0009899166731286
2020-12-03,0.99478866120748
2020-12-04,1.0452852705619864
2020-12-07,1.1366684527026583
2020-12-08,1.1074520063136486
2020-12-09,0.9866863104945433
2020-12-10,0.9689525687256253
2020-12-11,1.0062216549997274
2020-12-14,0.9791967271351123
2020-12-15,1.072124149741166
2020-12-16,1.0689973430069963
2020-12-17,1.0996034506357029
2020-12-18,0.9664651341836473
2020-12-21,0.9609926666738001
2020-12-22,0.9657758900196923
2020-12-23,1.057739193299374
2020-12-24,1.0535567624053495
2020-12-28,0.8997456137763286
2020-12-29,0.9058248163307214
2020-12-30,0.7712744988992839
2020-12-31,0.8608905641707313
2021-01-04,1.1244883195926332
2021-01-05,1.2316412563558
2021-01-06,1.3533906807835954
2021-01-07,1.201772956886986
2021-01-08,1.2005285161939165
2021-01-11,1.1227298229109213
2021-01-12,1.1977598329063595
2021-01-13,1.1637074466188788
2021-01-14,1.1269394802797204
2021-01-15,1.12652565641783
2021-01-19,0.8819913108269787
2021-01-20,0.7370139716175134
2021-01-21,0.7021357303321075
2021-01-22,0.6176438075522648
2021-01-25,0.5663066167734764
2021-01-26,0.6208378148324538
2021-01-27,0.8338189504821967
2021-01-28,0.9407865516472081
2021-01-29,0.905765859971732
2021-02-01,0.910928201340876
2021-02-02,0.9343285287034213
2021-02-03,0.9732292350325563
2021-02-04,0.9901553284526249
2021-02-05,0.9882055372941438
2021-02-08,1.003700194351928
2021-02-09,0.9958722342121592
2021-02-10,0.924820839265314
2021-02-11,0.8925613230322454
2021-02-12,0.8740946817019067
2021-02-16,1.0013559296192476
2021-02-17,1.0322038191180534
2021-02-18,1.0910404290004603
2021-02-19,0.88637348406293
2021-02-22,0.7521307502651648
2021-02-23,0.5436898821766102
2021-02-24,0.7580769179623915
2021-02-25,0.9196440573608211
2021-02-26,0.9215470098085214
2021-03-01,0.8748223529762138
2021-03-02,0.876942027023798
2021-03-03,0.876913005122884
2021-03-04,0.9053704824023515
2021-03-05,0.9020737836717166
2021-03-08,0.9138088365289289
2021-03-09,0.8968775477968457
2021-03-10,0.8953176119644705
2021-03-11,0.8924368150230976
2021-03-12,0.8927642755840235
2021-03-15,0.939424050961377
2021-03-16,0.9668792337471908
2021-03-17,1.0195955636908478
2021-03-18,0.9601036022051854
2021-03-19,0.9866333187185838
2021-03-22,0.9784770644356561
2021-03-23,1.1146860091347703
2021-03-24,1.0451546108658745
2021-03-25,1.0309589502939078
2021-03-26,1.0913949896564579
2021-03-29,1.065178684972667
2021-03-30,1.0506067919072448
2021-03-31,1.0363571384981456
2021-04-01,1.0583320107862533
2021-04-05,0.9492797771348457
2021-04-06,0.9655397294632952
2021-04-07,0.9017342887496409
2021-04-08,1.00347080109957
2021-04-09,0.9997370407195483
2021-04-12,0.789138970933611
2021-04-13,0.7795041306995824
2021-04-14,0.6628411357364056
2021-04-15,0.6734417068941976
2021-04-16,0.5809301290092129
2021-04-19,0.7354715766219472
2021-04-20,0.8581244991078719
2021-04-21,0.8953328174268912
2021-04-22,0.8220848665448061
2021-04-23,0.864294935071636
2021-04-26,0.8627664192773868
2021-04-27,0.863784394651626
2021-04-28,0.9020068695011122
2021-04-29,0.935353728096639
2021-04-30,0.9601264891387541
2021-05-03,0.9467492434608249
2021-05-04,0.8991456665690698
2021-05-05,0.8874486773931325
2021-05-06,0.8452680283191598
2021-05-07,0.8819510321324139
2021-05-10,0.7738153271610316
2021-05-11,0.8111237835113031
2021-05-12,0.9371630373208752
2021-05-13,0.9107523723586995
2021-05-14,0.9253915508871068
2021-05-17,0.9242274492669533
2021-05-18,0.918983697368393
2021-05-19,0.9184724374291822
2021-05-20,0.974971715566591
2021-05-21,0.9494967434059428
2021-05-24,0.9675113140842792
2021-05-25,0.9722187499355641
2021-05-26,0.9121243264416075
2021-05-27,0.9289934095144899
2021-05-28,0.8995268630570792
2021-06-01,0.8700904402428642
2021-06-02,0.8483709386753957
2021-06-03,0.8209849691659779
2021-06-04,0.6475328778785853
2021-06-07,0.6780918408392264
2021-06-08,0.6518681515579846
2021-06-09,0.6697254062421967
2021-06-10,0.7044319733492558
2021-06-11,0.7305400682308527
2021-06-14,0.7074223736807573
2021-06-15,0.7050743716238357
2021-06-16,0.7587603829644625
2021-06-17,0.801687001481334
2021-06-18,0.991752227175375
2021-06-21,1.0716474557919968
2021-06-22,1.0467782738063338
2021-06-23,1.0390624946715459
2021-06-24,1.0373656876512543
2021-06-25,1.0466643229614438
2021-06-28,1.0470655538130436
2021-06-29,1.066054809296784
2021-06-30,1.08373501196726
2021-07-01,1.0676101091925778
2021-07-02,1.06957451426549
2021-07-06,0.9933073959542927
2021-07-07,1.0433793574182646
2021-07-08,1.0973029728743382
2021-07-09,1.2042597502343495
2021-07-12,1.1900827247066883
2021-07-13,1.2322593390444374
2021-07-14,1.2437706693124875
2021-07-15,1.161704857074116
2021-07-16,1.0406280060997863
2021-07-19,1.1027133349522633
2021-07-20,1.1779668992562449
2021-07-21,1.2100130455825804
2021-07-22,1.201017648712713
2021-07-23,1.135465869868954
2021-07-26,1.1435819566723862
2021-07-27,1.088719370709973
2021-07-28,1.0933197971486117
2021-07-29,1.1109995243351094
2021-07-30,1.115568275697461
2021-08-02,1.0064124508855685
2021-08-03,0.8772173278211447
2021-08-04,0.8672284615182922
2021-08-05,0.8530362318611685
2021-08-06,0.9383903011851963
2021-08-09,0.9500662457689671
2021-08-10,0.9928782795275721
2021-08-11,1.016978547468316
2021-08-12,0.9248501472440391
2021-08-13,0.9837194534564861
2021-08-16,1.039956374035598
2021-08-17,0.9424023170451263
2021-08-18,0.9577566762444677
2021-08-19,0.9466322796666142
2021-08-20,0.8983206901225532
2021-08-23,0.928400328758386
2021-08-24,0.9334033772304954
2021-08-25,0.9260040097750636
2021-08-26,0.9589100516825807
2021-08-27,0.9979062669553875
2021-08-30,0.9673842961373731
2021-08-31,0.9658533877690798
2021-09-01,0.967271400524354
2021-09-02,0.9496328407988949
2021-09-03,1.0104554038857536
2021-09-07,1.1840910718721613
2021-09-08,1.1326625536331536
2021-09-09,1.03936651342524
2021-09-10,1.0014358360424047
2021-09-13,0.8895033013446244
2021-09-14,1.143376577286938
2021-09-15,1.243077913881717
2021-09-16,1.2641950243345175
2021-09-17,1.1391378215317465
2021-09-20,1.0913561349034775
2021-09-21,1.0887826290402045
2021-09-22,1.0619893882963725
2021-09-23,1.043279791316288
2021-09-24,1.0385805331643192
2021-09-27,1.034332882532412
2021-09-28,0.9769821033530081
2021-09-29,0.9452901183610015
2021-09-30,0.9659683396186871
2021-10-01,0.9691587505943938
2021-10-04,0.9568256108263608
2021-10-05,0.9624421707704726
2021-10-06,0.9487816420103992
2021-10-07,0.9321007577823609
2021-10-08,0.9330481019620211
2021-10-11,0.925040438149372
2021-10-12,0.956798632045365
2021-10-13,0.9614656475972
2021-10-14,0.9562989350700228
2021-10-15,0.9393109840234497
2021-10-18,0.9355347850139063
2021-10-19,0.9320788910608966
2021-10-20,0.9325135133511634
2021-10-21,0.9522875824765701
2021-10-22,0.8906333210663561
2021-10-25,0.896405257102326
2021-10-26,0.9485282973663698
2021-10-27,1.2308185255855844
2021-10-28,1.2011107098769278
2021-10-29,1.2734960507309483
2021-11-01,1.2551964608227648
2021-11-02,1.2427703861549886
2021-11-03,1.1616458869497568
2021-11-04,1.1120631006072075
2021-11-05,1.364526559621987
2021-11-08,1.3525813440698744
2021-11-09,1.090990188478637
2021-11-10,0.7928250757406305
2021-11-11,0.8071508305967624
2021-11-12,0.8138512176671098
2021-11-15,0.8232364203614748
2021-11-16,0.7599245192814119
2021-11-17,0.8425772773155752
2021-11-18,0.8591355605100195
2021-11-19,0.8207499576233214
2021-11-22,0.8151966916956925
2021-11-23,0.9502911244222497
2021-11-24,1.0580936221160766
2021-11-26,1.028059997733644
2021-11-29,0.9866835412506091
2021-11-30,1.0368321897525767
2021-12-01,1.0348714631564864
2021-12-02,1.15687232903055
2021-12-03,1.1664685463023268
2021-12-06,1.169496549559721
2021-12-07,1.1150670537591545
2021-12-08,1.1138164638618906
2021-12-09,1.1164096895070812
2021-12-10,1.1101571869211544
2021-12-13,1.1143382007769607
2021-12-14,1.0513853510855036
2021-12-15,0.997360832913615
2021-12-16,0.8599441305464665
2021-12-17,0.8294590868682823
2021-12-20,0.8244542687319408
2021-12-21,0.8752005288001923
2021-12-22,0.8698813678995854
2021-12-23,0.8557859936201986
2021-12-27,0.8730394513106776
2021-12-28,0.8672103508090826
2021-12-29,0.8624446752771614
2021-12-30,0.8856044047267521
2021-12-31,0.9402469709362604
2022-01-03,0.9858205704031727
2022-01-04,0.9281740990329651
2022-01-05,0.8828125304394366
2022-01-06,0.8845024396540115
2022-01-07,0.854872008005822
2022-01-10,0.8477402547653163
2022-01-11,0.9456725264557456
2022-01-12,0.9380908764198075
2022-01-13,0.9022798509361221
2022-01-14,0.8904322125505184
2022-01-18,1.0054963953544789
2022-01-19,0.9887491148664962
2022-01-20,0.96181454412552
2022-01-21,0.9373417103191872
2022-01-24,0.9185798732759047
2022-01-25,0.9222454091536796
2022-01-26,0.8157327269945723
2022-01-27,0.8168717474691246
2022-01-28,0.854471091161577
2022-01-31,0.9029283729168923
2022-02-01,0.8879654074293034
2022-02-02,0.8721655823169424
2022-02-03,0.8269928901860223
2022-02-04,0.8079814598375891
2022-02-07,0.8004660831196962
2022-02-08,0.7873923690952469
2022-02-09,0.7899191406867799
2022-02-10,0.8263494526436551
2022-02-11,0.901849503287291
2022-02-14,0.8906843460670126
2022-02-15,0.8926535405274364
2022-02-16,0.9088714130406901
2022-02-17,1.0038496070472922
2022-02-18,1.0035418420588578
2022-02-22,0.9988735290664151
2022-02-23,1.0176283211650854
2022-02-24,0.9469541372649801
2022-02-25,1.0187644322826015
2022-02-28,1.0217382395708536
2022-03-01,1.0361778757400149
2022-03-02,1.061829300389184
2022-03-03,1.0619633640431216
2022-03-04,1.0773988366058005
2022-03-07,1.088578765905253
2022-03-08,1.0936950664234637
2022-03-09,1.0785041490860652
2022-03-10,1.0940195862122455
2022-03-11,1.0697430619638282
2022-03-14,1.0665779564521738
2022-03-15,1.0032347022315495
2022-03-16,0.9949067884463344
2022-03-17,0.9991724696100999
2022-03-18,0.9935213316029659
2022-03-21,0.9251096436078814
2022-03-22,0.9134197731174236
2022-03-23,0.9168036975895987
2022-03-24,0.9293472560748672
2022-03-25,0.9365974193000103
2022-03-28,0.9750612797306235
2022-03-29,1.0221881045376064
2022-03-30,0.9728672067368371
2022-03-31,0.9273740097991958
2022-04-01,0.9309834347453024
2022-04-04,0.8968078572761311
2022-04-05,0.8792627255461586
2022-04-06,0.8381389912286323
2022-04-07,0.8060204633815762
2022-04-08,0.7867581149095846
2022-04-11,0.7901226232599726
2022-04-12,0.7512827234342342
2022-04-13,0.818803167942942
2022-04-14,0.7964114189701846
2022-04-18,0.7627877190397954
2022-04-19,0.8746156308081271
2022-04-20,0.8748525259120999
2022-04-21,0.9463414511763596
2022-04-22,1.0236234239673039
2022-04-25,1.0047291283520825
2022-04-26,1.0019172065136102
2022-04-27,0.9934999664443037
2022-04-28,0.8946302622356658
2022-04-29,0.9145486742937883
2022-05-02,0.9215974799278578
2022-05-03,0.9081992695873986
2022-05-04,0.9358982613155407
2022-05-05,0.9339298084932812
2022-05-06,0.9215282913575416
2022-05-09,0.9583155616498308
2022-05-10,0.9729170654862189
2022-05-11,0.9676081566701842
2022-05-12,1.0248250864749975
2022-05-13,1.0741611273603329
2022-05-16,1.0787052048074584
2022-05-17,1.0846050574870008
2022-05-18,1.068371515403674
2022-05-19,1.0877216253896937
2022-05-20,1.082922716954914
2022-05-23,0.9950983892780252
2022-05-24,1.0016585135733589
2022-05-25,1.005567203252973
2022-05-26,1.012575839926956
2022-05-27,0.9979459066890227
2022-05-31,0.9980527583466466
2022-06-01,0.9990585899524846
2022-06-02,1.0687296090622083
2022-06-03,1.0865279459900041
2022-06-06,1.081932692206183
2022-06-07,1.1200498688777463
2022-06-08,1.1324704148763376
2022-06-09,1.1037609622942968
2022-06-10,1.0673538858957672
2022-06-13,1.0907506394591118
2022-06-14,1.0865788548858282
2022-06-15,1.0755941051248266
2022-06-16,1.0493285038068358
2022-06-17,1.077236977285719
2022-06-21,1.038244758205567
2022-06-22,1.0368541641309705
2022-06-23,1.0320891697654857
2022-06-24,1.0487946284685097
2022-06-27,1.066279432024682
2022-06-28,1.0082571793262904
2022-06-29,1.0087199889331893
2022-06-30,1.009335148063551
2022-07-01,0.9750115709465095
2022-07-05,0.983953325516803
2022-07-06,1.0077382768637302
2022-07-07,1.023641730674319
2022-07-08,1.0284136773500119
2022-07-11,0.9496170502587494
2022-07-12,0.9273381892063802
2022-07-13,0.9927870935611185
2022-07-14,1.0047216236270138
2022-07-15,1.0683044831323185
2022-07-18,1.0206738460368876
2022-07-19,1.0722256577390223
2022-07-20,1.0744225508490723
2022-07-21,1.0448712992337448
2022-07-22,1.0332397652972527
2022-07-25,1.0330922021761606
2022-07-26,1.038236517642841
2022-07-27,1.0335218028284803
2022-07-28,1.0050876410338219
2022-07-29,0.9835498917823413
2022-08-01,1.0061496577504454
2022-08-02,0.926554832677276
2022-08-03,0.924885794777929
2022-08-04,0.9370820941948886
2022-08-05,0.9007966530287979
2022-08-08,0.8977484882110615
2022-08-09,0.8978857591731476
2022-08-10,0.9155967363950486
2022-08-11,0.908931785768191
2022-08-12,0.969716003143779
2022-08-15,0.9458835559288008
2022-08-16,0.9766955463551821
2022-08-17,1.0769552189517468
2022-08-18,1.0892580332655126
2022-08-19,1.130865141518784
2022-08-22,1.0858264452677158
2022-08-23,1.0825751923533917
2022-08-24,1.0642425368646997
2022-08-25,1.0693507000060487
2022-08-26,1.0251220894571802
2022-08-29,1.0341841920855406
2022-08-30,1.0328643854108588
2022-08-31,1.0336614914541051
2022-09-01,1.0117900615475197
2022-09-02,1.0026387157394336
2022-09-06,1.0068763698831258
2022-09-07,1.0311408985479145
2022-09-08,1.0417228055383183
2022-09-09,1.0223750722525242
2022-09-12,0.9832888490966404
2022-09-13,0.96147579118276
2022-09-14,0.9589082844088666
2022-09-15,0.960453549644707
2022-09-16,0.9726453806713905
2022-09-19,0.9687042985700385
2022-09-20,0.9805278419556314
2022-09-21,0.9535681836134741
2022-09-22,0.9395225254824306
2022-09-23,0.9186602371971853
2022-09-26,0.9084466173210075
2022-09-27,1.0250460259162246
2022-09-28,1.1115242322910415
2022-09-29,1.075168284404354
2022-09-30,1.05930711953233
2022-10-03,1.0933096896604704
2022-10-04,1.1056114605670644
2022-10-05,1.1159747494228567
2022-10-06,1.0979738338787224
2022-10-07,1.0894982912431366
2022-10-10,1.079138729551275
2022-10-11,1.078666025135366
2022-10-12,1.075591159121502
2022-10-13,1.0528009253429496
2022-10-14,1.0593834336307673
2022-10-17,1.0391014268115653
2022-10-18,1.0078155083491833
2022-10-19,1.0108322402757193
2022-10-20,1.0109436628063073
2022-10-21,0.982607508759105
2022-10-24,0.992983050627017
2022-10-25,1.0023876245111938
2022-10-26,0.9682262832264912
2022-10-27,0.9431495804874699
2022-10-28,0.8884937871131724
2022-10-31,0.9088409125324428
2022-11-01,0.8924731104139171
2022-11-02,0.9215394732086195
2022-11-03,0.9033595179729813
2022-11-04,0.9279566888819777
2022-11-07,0.9226513460922798
2022-11-08,0.9284220225703731
2022-11-09,0.9510591878996915
2022-11-10,0.9666078350602334
2022-11-11,0.962236325040588
2022-11-14,0.9677364472434461
2022-11-15,0.9755772188548953
2022-11-16,0.9843178184840352
2022-11-17,1.004433775987015
2022-11-18,1.0008029669608005
2022-11-21,0.999581494739657
2022-11-22,0.9985456468853262
2022-11-23,1.024371645513246
2022-11-25,1.0938864651963291
2022-11-28,1.0664414184944413
2022-11-29,1.0377252242749326
2022-11-30,0.8901186370044515
2022-12-01,0.8638451419890326
2022-12-02,0.8564447410148358
2022-12-05,0.8908026387768762
2022-12-06,0.8986579578562288
2022-12-07,0.8909163335900894
2022-12-08,0.8987033996774241
2022-12-09,0.8982970401781023
2022-12-12,0.9179289808474911
2022-12-13,0.9218560416244651
2022-12-14,1.0301969779322908
2022-12-15,1.0062930248796633
2022-12-16,0.9977814607133885
2022-12-19,0.9973006097171793
2022-12-20,1.0140243375611184
2022-12-21,1.0219588020418893
2022-12-22,1.0152414233767713
2022-12-23,1.0136755858904811
2022-12-27,0.9951050552386599
2022-12-28,1.0142637875270402
2022-12-29,0.9887475729380771
2022-12-30,0.9796343922922061
2023-01-03,0.9791393605393696
2023-01-04,0.9786040215119702
2023-01-05,1.0264536288521506
2023-01-06,1.042234896543703
2023-01-09,1.0416798426130212
2023-01-10,1.0449537088831384
2023-01-11,1.019701695592246
2023-01-12,1.0381101822523437
2023-01-13,1.0691750746226931
2023-01-17,1.0573075302543333
2023-01-18,1.096494250215482
2023-01-19,1.1042126248539086
2023-01-20,1.055692129139517
2023-01-23,1.0227639838342613
2023-01-24,1.0444856586497169
2023-01-25,1.0338686186950161
2023-01-26,1.0585868924127304
2023-01-27,1.0563213650886312
2023-01-30,1.0111241314301511
2023-01-31,1.0110636357963922
2023-02-01,1.0017322051503081
2023-02-02,0.9079177543733941
2023-02-03,0.907660333336707
2023-02-06,0.8997765326017445
2023-02-07,0.8853519565116745
2023-02-08,0.8738386927989013
2023-02-09,0.8871087939513286
2023-02-10,0.8913798999795686
2023-02-13,0.9075905257402783
2023-02-14,0.8886384768911617
2023-02-15,0.8785649161192443
2023-02-16,0.9429127737061181
2023-02-17,0.9196588742198899
2023-02-21,0.936679277847
2023-02-22,0.9875565745875435
2023-02-23,0.9731727077514256
2023-02-24,0.9586170871705936
2023-02-27,0.9404559308443009
2023-02-28,0.9764389231926611
2023-03-01,0.9814364995454887
2023-03-02,0.9126030878425511
2023-03-03,0.9157425826989465
2023-03-06,0.9107785000418499
2023-03-07,0.9192540123107803
2023-03-08,0.9218074268711719
2023-03-09,1.0204365612262665
2023-03-10,1.077852021646203
2023-03-13,1.0748291955152163
2023-03-14,1.0828231554639856
2023-03-15,1.104766736182337
2023-03-16,1.0956897960719976
2023-03-17,1.101562396452051
2023-03-20,1.1241266127969403
2023-03-21,1.1774263400177005
2023-03-22,1.1758827300610717
2023-03-23,1.1848404447238408
2023-03-24,1.1856304680710947
2023-03-27,1.1743896337998776
2023-03-28,1.1629001825253253
2023-03-29,1.1359639134560495
2023-03-30,1.1679777506022277
2023-03-31,1.1731196762881706
2023-04-03,1.1661878424155727
2023-04-04,1.1484887257458474
2023-04-05,1.083252008028898
2023-04-06,1.0606556880778888
2023-04-10,1.0413353919090411
2023-04-11,1.0093070823343726
2023-04-12,1.042719182221436
2023-04-13,0.9308308944840762
2023-04-14,0.9248004401293847
2023-04-17,0.8632578106629052
2023-04-18,0.8909828684049342
2023-04-19,0.7739418346528852
2023-04-20,0.8354593100224287
2023-04-21,0.8867720412093159
2023-04-24,0.8792716901005816
2023-04-25,0.9551424630609879
2023-04-26,0.9660436630096106
2023-04-27,0.9384017603056158
2023-04-28,0.9490657405221805
2023-05-01,0.93251541829824
2023-05-02,0.9457418334271891
2023-05-03,0.9517929622835188
2023-05-04,0.9323346255911944
2023-05-05,0.9764975736014448
2023-05-08,0.9774893433725169
2023-05-09,0.9543570268786946
2023-05-10,0.9382534655297748
2023-05-11,1.0105072200366698
2023-05-12,1.0182075238516581
2023-05-15,1.0318564597413864
2023-05-16,1.0454434400895976
2023-05-17,1.0346372966077204
2023-05-18,1.061413503539607
2023-05-19,1.0962424162832596
2023-05-22,1.093961077698782
2023-05-23,1.1087626690379528
2023-05-24,1.1777603474768443
2023-05-25,1.076074772185789
2023-05-26,1.0359590053589092
2023-05-30,1.0271464684557745
2023-05-31,0.9718814807400386
2023-06-01,0.9353723032219445
2023-06-02,1.0222788058648435
2023-06-05,1.0245955246771286
2023-06-06,1.034528689304303
2023-06-07,0.9742587724654678
2023-06-08,0.8666454682969182
2023-06-09,0.934739526965805
2023-06-12,0.981996843383762
2023-06-13,0.9815652996349634
2023-06-14,1.0187008038520924
2023-06-15,1.045544082295164
2023-06-16,0.8747425461004321
2023-06-20,0.9567199153318665
2023-06-21,0.917687532774897
2023-06-22,0.9980905769149484
2023-06-23,0.9940164161474615
2023-06-26,0.9255052927599884
2023-06-27,0.982511876736984
2023-06-28,0.9601977644311257
2023-06-29,0.9836128324862387
2023-06-30,0.91924706713503
2023-07-03,0.9278161180366324
2023-07-05,0.8668690805379352
2023-07-06,0.9533778555985708
2023-07-07,0.9804177266793973
2023-07-10,0.954247862779106
2023-07-11,1.0630816945268053
2023-07-12,0.9146828502541932
2023-07-13,0.9412001509917285
2023-07-14,0.9877775119471015
2023-07-17,1.0631362340745338
2023-07-18,1.0579123085540738
2023-07-19,1.0394789181163304
2023-07-20,0.7586828783410012
2023-07-21,0.7792581535753484
2023-07-24,0.7842017688337883
2023-07-25,0.6919941333162924
2023-07-26,0.8468290491772269
2023-07-27,0.8902479184154777
2023-07-28,0.6513185130995771
2023-07-31,0.644559010849427
2023-08-01,0.5740476139280731
2023-08-02,0.638576091703443
2023-08-03,0.6815829083766408
2023-08-04,0.7029839139690309
2023-08-07,0.7885849247580313
2023-08-08,0.8146828955245046
2023-08-09,0.7825656391456117
2023-08-10,0.7588846164863708
2023-08-11,0.9212082911214929
2023-08-14,0.8188801054633519
2023-08-15,0.8724578224591645
2023-08-16,0.958202844589726
2023-08-17,0.9754735900439621
2023-08-18,0.9716110310220392
2023-08-21,0.7921695186308068
2023-08-22,0.777712731339911
2023-08-23,0.891492780689538
2023-08-24,0.8325159032065815
2023-08-25,0.8547553266444567
2023-08-28,0.8932901860085402
2023-08-29,0.8784887908829468
2023-08-30,0.8856755501946308
2023-08-31,0.847459549003525
2023-09-01,0.8378328016213317
2023-09-05,0.8948303983747992
2023-09-06,0.8225395574472842
2023-09-07,0.8076181767361105
2023-09-08,0.7845407815863217
2023-09-11,0.7634104868269244
2023-09-12,0.7349953388969486
2023-09-13,0.5680604340575326
2023-09-14,0.7338058143432874
2023-09-15,0.8028268985292245
2023-09-18,0.7759504229143902
2023-09-19,0.7477787103799997
2023-09-20,0.7669157833961584
2023-09-21,0.882246049715043
2023-09-22,0.8915109288786052
2023-09-25,0.8924512354442731
2023-09-26,0.9325471224424153
2023-09-27,0.9688027313131256
2023-09-28,0.9686551356473895
2023-09-29,0.977729923802412
2023-10-02,0.9245990140679363
2023-10-03,0.9357403521769138
2023-10-04,0.9951300202822756
2023-10-05,1.0125674323509035
2023-10-06,1.0117205822993434
2023-10-09,1.0314952765380734
2023-10-10,1.0840721803810216
2023-10-11,1.087277967727101
2023-10-12,1.1011430650191145
2023-10-13,1.056455730705165
2023-10-16,1.0515693340141221
2023-10-17,1.0208775612882606
2023-10-18,1.033668639268665
2023-10-19,1.0825204976008362
2023-10-20,1.0949747787433475
2023-10-23,1.0954165972090433
2023-10-24,1.0806874155992459
2023-10-25,1.1012192491823778
2023-10-26,1.0197926344093082
2023-10-27,1.0168873645177494
2023-10-30,0.9658016121942425
2023-10-31,1.0013553342905575
2023-11-01,0.9880677088490022
2023-11-02,0.9756218195302029
2023-11-03,1.0117670766701432
2023-11-06,1.0010970609101983
2023-11-07,0.9989693969315186
2023-11-08,0.9654327973458635
2023-11-09,1.1600528809206276
2023-11-10,1.0454596497470396
2023-11-13,1.0390073641950872
2023-11-14,1.0507211877282243
2023-11-15,1.0541325450682164
2023-11-16,1.0664614328503517
2023-11-17,0.9987926240387432
2023-11-20,0.9757544168633611
2023-11-21,0.9550804316713161
2023-11-22,0.9503617872452618
2023-11-24,0.8908262058516665
2023-11-27,0.9626673671905713
2023-11-28,0.9770003637674858
2023-11-29,0.6725983682583843
2023-11-30,0.7656135061820142
2023-12-01,0.8957249155938245
2023-12-04,0.8596870749017921
2023-12-05,1.105883703388146
2023-12-06,1.126919310633721
2023-12-07,1.0155045360296058
2023-12-08,0.9897880389490982
2023-12-11,1.0491993833891256
2023-12-12,1.0173780177096756
2023-12-13,1.0284340275399926
2023-12-14,1.0238240929829308
2023-12-15,1.0277761058341321
2023-12-18,1.1091252085003833
2023-12-19,0.9993558099873802
2023-12-20,1.0918393308865746
2023-12-21,1.1150791434550078
2023-12-22,1.1143751059337155
2023-12-26,1.107440894935952
2023-12-27,1.1080669227377125
2023-12-28,1.116081175557064
2023-12-29,1.1002746498870604
2024-01-02,1.0718752272043688
2024-01-03,1.1577561570088137
2024-01-04,1.1566522035053308
2024-01-05,1.145331970202189
2024-01-08,0.9300179094519821
2024-01-09,0.9372439654504717
2024-01-10,0.8657000501950024
2024-01-11,0.8612661897654721
2024-01-12,0.8596520262078687
2024-01-16,0.8554264107875141
2024-01-17,0.8673359349175231
2024-01-18,0.7669883120954472
2024-01-19,0.8901628576417734
2024-01-22,0.9011843010537406
2024-01-23,0.8913579646762048
2024-01-24,0.8858111509286156
2024-01-25,0.9615630819774592
2024-01-26,0.8903184775220685
2024-01-29,0.9217354774229093
2024-01-30,0.8940641899093434
2024-01-31,0.7741409699287045
2024-02-01,0.814343419940652
2024-02-02,0.6832178485856422
2024-02-05,0.7517759124584291
2024-02-06,0.7568949155828564
2024-02-07,0.7441898604272033
2024-02-08,0.7239442564550822
2024-02-09,0.7473965606104402
2024-02-12,0.7058026399941334
2024-02-13,0.7951324785210914
2024-02-14,0.9344337803314311
2024-02-15,0.958376878137602
2024-02-16,1.1216196955306126
2024-02-20,1.0388525350158404
2024-02-21,1.0400905956302238
2024-02-22,0.8783890478106922
2024-02-23,0.8768004268755138
2024-02-26,0.8768689406597565
2024-02-27,0.884882986829841
2024-02-28,0.7542254416485019
2024-02-29,0.7254447709733138
2024-03-01,0.7084104695969267
2024-03-04,0.6429708877956031
2024-03-05,0.6558323824018633
2024-03-06,0.6643682925734721
2024-03-07,0.7231350358016705
2024-03-08,0.7356478388826474
2024-03-11,0.7142204040234337
2024-03-12,0.6104653341960505
2024-03-13,0.6367017387973115
2024-03-14,0.6745985602505462
2024-03-15,0.615323151685402
2024-03-18,0.6241706318786037
2024-03-19,0.5829381452624135
2024-03-20,0.6250174430748614
2024-03-21,0.6597751611787058
2024-03-22,0.7418625342675805
2024-03-25,0.7120460346961925
2024-03-26,0.847828478520344
2024-03-27,0.9389000960682607
2024-03-28,0.8533015547850906
2024-04-01,1.048838068227823
2024-04-02,1.1209400203480624
2024-04-03,1.177660159976261
2024-04-04,1.1977917702968595
2024-04-05,1.1185099941779653
2024-04-08,1.1085160183992075
2024-04-09,1.1294857843374366
2024-04-10,1.1479112607593567
2024-04-11,1.0148318999221435
2024-04-12,1.0482388408096177
2024-04-15,1.0008553137264118
2024-04-16,0.9979108817851455
2024-04-17,0.975844454625143
2024-04-18,0.967799191990141
2024-04-19,0.831492072292204
2024-04-22,0.8347650415089944
2024-04-23,0.8445169744640282
2024-04-24,0.8056923511289087
2024-04-25,0.8642376054838256
2024-04-26,0.6239947652595565
2024-04-29,0.5127112772392513
2024-04-30,0.6447617495458091
2024-05-01,0.6534951200896271
2024-05-02,0.6624978750702172
2024-05-03,0.7601195776224278
2024-05-06,0.7603450547224719
2024-05-07,0.7403085353059343
2024-05-08,0.7402853568032208
2024-05-09,0.7805036904984093
2024-05-10,0.8205674647671823
2024-05-13,0.8336232738074869
2024-05-14,0.8679248776607131
2024-05-15,0.8411060691297123
2024-05-16,0.8328261839453074
2024-05-17,0.9000585658546562
2024-05-20,0.9346731073691956
2024-05-21,0.9333006196601398
2024-05-22,0.932064690342777
2024-05-23,1.139160307888167
2024-05-24,1.1383906638076229
2024-05-28,1.1446302719528372
2024-05-29,1.140756370352449
2024-05-30,0.9509713014926534
2024-05-31,1.0047260735620978
2024-06-03,0.9757830607713643
2024-06-04,0.9776171210464959
2024-06-05,0.9127625541313948
2024-06-06,0.9286849772497761
2024-06-07,0.7731783136086211
2024-06-10,0.7630927368634544
2024-06-11,0.7375259761553954
2024-06-12,0.5798745126518259
2024-06-13,0.8753980595989878
2024-06-14,0.7979186905724853
2024-06-17,0.899215275202984
2024-06-18,0.891443525349415
2024-06-20,0.7681589006085603
2024-06-21,0.7275351288832477
2024-06-24,0.52887204289096
2024-06-25,0.4505555902265648
2024-06-26,0.49371671537934697
2024-06-27,0.4323008810975829
2024-06-28,0.4167105731645936
2024-07-01,0.3462907044592444
2024-07-02,-0.011942842103707515
2024-07-03,-0.11049909247588584
2024-07-05,0.03934645188399594
2024-07-08,0.034094226982255775
2024-07-09,0.24960068995292262
2024-07-10,0.5402772706268614
2024-07-11,0.06076758432546999
2024-07-12,0.12697635662246304
2024-07-15,0.0974313261109077
2024-07-16,0.13328183705375798
2024-07-17,0.4180528156967095
2024-07-18,0.5918819394841365
2024-07-19,0.6735435097555088
2024-07-22,0.6198563921665439
2024-07-23,0.6302290023380429
2024-07-24,0.6514973841794183
2024-07-25,0.7058677449570501
2024-07-26,0.7402600009845445
2024-07-29,0.7197623931155611
2024-07-30,0.6601899849777304
2024-07-31,0.619312059214599
2024-08-01,0.6161626028464533
2024-08-02,0.7019884510216503
2024-08-05,0.76361702928336
2024-08-06,0.7922401871445413
2024-08-07,0.8411136638086075
2024-08-08,0.8549388206562122
2024-08-09,0.8362028422460488
2024-08-12,0.8327083519930797
2024-08-13,0.8278397174924389
2024-08-14,0.8661901181263704
2024-08-15,0.8803483818569066
2024-08-16,0.8491598531324385
2024-08-19,0.8859165018199955
2024-08-20,0.9061971374669139
2024-08-21,0.8815994566135024
2024-08-22,0.752395327043979
2024-08-23,0.7900945383996586
2024-08-26,0.7353859403955766
2024-08-27,0.8184667543331307
2024-08-28,0.8036984214795395
2024-08-29,0.8268157262613641
2024-08-30,0.8015348431839194
2024-09-03,0.8391945502914383
2024-09-04,0.8380606661746736
2024-09-05,0.8377351223692963
2024-09-06,0.8581489515028048
2024-09-09,0.8565617237723383
2024-09-10,0.8405719590676144
2024-09-11,0.7813789080747656
2024-09-12,0.7986629033743388
2024-09-13,0.810404071306932
2024-09-16,0.8138898716975057
2024-09-17,0.8468682165734961
2024-09-18,0.8491456720462083
2024-09-19,0.7907878256329754
2024-09-20,0.6764327948222264
2024-09-23,0.606467523726001
2024-09-24,0.6221432447597063
2024-09-25,0.8269736310599431
2024-09-26,0.8359655454782999
2024-09-27,0.7836371954308882
2024-09-30,0.7811674051645453
2024-10-01,0.739539722224941
2024-10-02,0.7287043936290337
2024-10-03,0.7527356962533994
2024-10-04,0.9371374536732339
2024-10-07,0.9595072683079386
2024-10-08,0.931741858131518
2024-10-09,0.899986520798084
2024-10-10,0.8974015414252046
2024-10-11,0.9658419240037465
2024-10-14,0.9581691505328251
2024-10-15,0.997778829420578
2024-10-16,1.0113766420109354
2024-10-17,0.9898324860795102
2024-10-18,0.9453210217795048
2024-10-21,0.9972875862290467
2024-10-22,1.0878923524148796
2024-10-23,0.8714225031775574
2024-10-24,0.8452131868434203
2024-10-25,0.7344896483305999
2024-10-28,0.7286963199434718
2024-10-29,0.7865302243931906
2024-10-30,0.6022196113905959
2024-10-31,0.4322046137647509
2024-11-01,0.4492975436742703
2024-11-04,0.4580702165507485
2024-11-05,0.5843908773926155
2024-11-06,0.8315924108878382
2024-11-07,0.7931980588997518
2024-11-08,0.7832056297258894
2024-11-11,0.7732679260665981
2024-11-12,0.7953246829399465
2024-11-13,0.7940769656080109
2024-11-14,1.0132234701788105
2024-11-15,0.9368863261604423
2024-11-18,0.9403574459204763
2024-11-19,0.9455863375114337
2024-11-20,0.6826762701854554
2024-11-21,1.0144573600700042
2024-11-22,1.0905405754742832
2024-11-25,1.0692577348910315
2024-11-26,0.9421358675353101
2024-11-27,0.9638586683468527
2024-11-29,0.817483916417254
2024-12-02,0.9952785616190986
2024-12-03,1.0057945908451227
2024-12-04,0.9081925976025632
2024-12-05,1.0299460748958489
2024-12-06,0.8166976740697486
2024-12-09,1.0557023697396342
2024-12-10,0.9584568523905704
2024-12-11,0.9272289996357286
2024-12-12,0.8984993942458337
2024-12-13,0.9257795828211962
2024-12-16,0.8892654328208746
2024-12-17,0.9037687041479289
2024-12-18,0.8879609216446772
2024-12-19,0.8896259575888413
2024-12-20,0.960022083735919
2024-12-23,0.9373626757062936
2024-12-24,0.939623027100374
2024-12-26,0.9488799658003064
2024-12-27,0.9282949088968143
2024-12-30,0.9194789616979901
2024-12-31,0.9372072588736075
2025-01-02,0.9350842189114604
2025-01-03,0.8531493221087119
2025-01-06,0.818056213806525
2025-01-07,0.6879500757953165
2025-01-08,0.7150416798597725
2025-01-10,0.7777778664818756
2025-01-13,0.8027110908896922
2025-01-14,0.837086214595799
2025-01-15,0.7303256097320099
2025-01-16,0.7050954238106159
2025-01-17,0.6808717480337119
2025-01-21,0.6903424721698106
2025-01-22,0.6925506401249701
2025-01-23,0.7056856542191511
2025-01-24,0.7136345360993682
2025-01-27,0.4735909516536054
2025-01-28,0.4243727233452724
2025-01-29,0.4734359501036914
2025-01-30,0.4396807057586125
2025-01-31,0.5447293117165704
2025-02-03,0.549750373795949
2025-02-04,0.4513144485027902
2025-02-05,0.5179580430356546
2025-02-06,0.4438496809329965
2025-02-07,0.47750996912231974
2025-02-10,0.5718761333172454
2025-02-11,0.6824042206936872
2025-02-12,0.6990482245075096
2025-02-13,0.6288403025035493
2025-02-14,0.6182824609332764
2025-02-18,0.6375872647491162
2025-02-19,0.6664564026647994
2025-02-20,0.6885053536484272
2025-02-21,0.8667122266153409
2025-02-24,0.8856216768028061
2025-02-25,0.88588794242183
2025-02-26,0.8897287483215286
2025-02-27,0.7707266323059427
2025-02-28,0.8257556766271359
2025-03-03,0.7892975891117141
2025-03-04,0.8244102705586621
2025-03-05,0.8236292932642605
2025-03-06,0.8261406623981039
2025-03-07,0.7963809614657047
2025-03-10,0.7992464048272773
2025-03-11,0.7989175098047896
2025-03-12,0.7784940106155666
2025-03-13,0.8132648065355621
2025-03-14,0.8722052671622273
2025-03-17,0.9370107709005056
2025-03-18,0.8943160811349048
2025-03-19,0.9150070016984081
2025-03-20,0.9175003501853799
2025-03-21,0.9141519166567782
2025-03-24,0.9483682200022104
2025-03-25,0.9481009886465788
2025-03-26,0.8916524122871298
2025-03-27,0.8670232273275554
2025-03-28,0.8485721231795984
2025-03-31,0.8081797011422459
2025-04-01,0.8286435294365009
2025-04-02,0.8183756607106817
2025-04-03,0.9174931029624075
2025-04-04,1.0262956414850253
2025-04-07,1.0422563921109944
2025-04-08,1.055342099148421
2025-04-09,0.8579400482774062
2025-04-10,0.8385911794601207
2025-04-11,0.8436746042801393
2025-04-14,0.8450952989735493
2025-04-15,0.8444107423405712
2025-04-16,0.8357149981455839
2025-04-17,0.8248573832932566
2025-04-21,0.7586861202233924
2025-04-22,0.7649146622402844
2025-04-23,0.7591601052688363
2025-04-24,0.8017456087148471
2025-04-25,0.8401565759598417
2025-04-28,0.8382997174583633
2025-04-29,0.8345321005241728
2025-04-30,0.8363321682792525
2025-05-01,0.9031667655389664
2025-05-02,0.9279867243301319
2025-05-05,0.8840328417016716
2025-05-06,0.7490262706808177
2025-05-07,0.7558431011035536
2025-05-08,0.7240020663727306
2025-05-09,0.7822418140695999
2025-05-12,0.6973197838496108
2025-05-13,0.6970799353720961
2025-05-14,0.7172274818183958
2025-05-15,0.718213660998337
2025-05-16,0.6965311520720471
2025-05-19,0.6920804894888064
2025-05-20,0.723758770704558
2025-05-21,0.8123345926819776
2025-05-22,0.8109157731212552
2025-05-23,0.7939948630969287
2025-05-27,0.9217736553159586
2025-05-28,0.9415020273670028
2025-05-29,0.9399554475303967
2025-05-30,0.907688089291556
2025-06-02,0.8439119194294333
2025-06-03,0.8529944969179986
2025-06-04,0.8519236631125897
2025-06-05,0.7543937289077063
2025-06-06,0.7744829165718506
2025-06-09,0.8215643708001105
2025-06-10,0.8368216354197541
2025-06-11,0.6951641853481874
2025-06-12,0.711978042498428
2025-06-13,0.899847174821654
2025-06-16,0.9708355490121554
2025-06-17,0.9629062270741909
2025-06-18,0.9580021423087417
2025-06-20,0.9769867677042995
2025-06-23,0.9322390131762146
2025-06-24,0.9575338267402292
2025-06-25,0.9827537732799062
2025-06-26,1.0221024300108301
2025-06-27,1.017532318394356
2025-06-30,1.005071966424598
2025-07-01,0.952193873074078
2025-07-02,0.8897604810195661
2025-07-03,0.9495193735118408
2025-07-07,0.995661107836397
2025-07-08,1.0396288375482108
2025-07-09,0.9660094373605476
2025-07-10,0.8893556763321335
2025-07-11,0.9308978220910947
2025-07-14,0.9421207634156694
2025-07-15,1.0792697183358524
2025-07-16,1.1294158738352646
2025-07-17,1.2090969359243953
2025-07-18,1.1969858780529088
2025-07-21,1.3766884821388516
2025-07-22,1.3218008263719547
2025-07-23,1.3338068952657598
2025-07-24,1.346511304645686
2025-07-25,1.266459663607397
2025-07-28,1.3347988366473063
2025-07-29,0.8885118123147454
2025-07-30,0.9108973134406982
2025-07-31,1.0755985626744091
2025-08-01,0.8956510775058262
2025-08-04,0.8748577812648793
2025-08-05,0.836283570389958
